Variable_Name,Variable_ID,Table_ID,Table_Name,Type,Unit,Full_Name
All PEOPLE,ni0010001,ni001,Household: Accommodation Type - 3 Categories,Count,Person,Household: Accommodation Type - 3 Categories: All PEOPLE
Whole house or bungalow,ni0010002,ni001,Household: Accommodation Type - 3 Categories,Count,Person,Household: Accommodation Type - 3 Categories: Whole house or bungalow
"Flat, maisonette or apartment, a caravan or other mobile or temporary structure",ni0010003,ni001,Household: Accommodation Type - 3 Categories,Count,Person,"Household: Accommodation Type - 3 Categories: Flat, maisonette or apartment, a caravan or other mobile or temporary structure"
All PEOPLE,ni0020001,ni002,Household: Accommodation Type - 5 Categories,Count,Person,Household: Accommodation Type - 5 Categories: All PEOPLE
Whole house or bungalow: Detached,ni0020002,ni002,Household: Accommodation Type - 5 Categories,Count,Person,Household: Accommodation Type - 5 Categories: Whole house or bungalow: Detached
Whole house or bungalow: Semi-detached,ni0020003,ni002,Household: Accommodation Type - 5 Categories,Count,Person,Household: Accommodation Type - 5 Categories: Whole house or bungalow: Semi-detached
Whole house or bungalow: Terraced (including end-terrace),ni0020004,ni002,Household: Accommodation Type - 5 Categories,Count,Person,Household: Accommodation Type - 5 Categories: Whole house or bungalow: Terraced (including end-terrace)
"Flat, maisonette or apartment, a caravan or other mobile or temporary structure",ni0020005,ni002,Household: Accommodation Type - 5 Categories,Count,Person,"Household: Accommodation Type - 5 Categories: Flat, maisonette or apartment, a caravan or other mobile or temporary structure"
All PEOPLE,ni0030001,ni003,Household: Accommodation Type,Count,Person,Household: Accommodation Type: All PEOPLE
Whole house or bungalow: Detached,ni0030002,ni003,Household: Accommodation Type,Count,Person,Household: Accommodation Type: Whole house or bungalow: Detached
Whole house or bungalow: Semi-detached,ni0030003,ni003,Household: Accommodation Type,Count,Person,Household: Accommodation Type: Whole house or bungalow: Semi-detached
Whole house or bungalow: Terraced (including end-terrace),ni0030004,ni003,Household: Accommodation Type,Count,Person,Household: Accommodation Type: Whole house or bungalow: Terraced (including end-terrace)
"Flat, maisonette or apartment: Purpose-built block of flats",ni0030005,ni003,Household: Accommodation Type,Count,Person,"Household: Accommodation Type: Flat, maisonette or apartment: Purpose-built block of flats"
"Flat, maisonette or apartment: Part of a converted or shared house (including bed-sits)",ni0030006,ni003,Household: Accommodation Type,Count,Person,"Household: Accommodation Type: Flat, maisonette or apartment: Part of a converted or shared house (including bed-sits)"
"Flat, maisonette or apartment: In a commercial building (for example in an office building, hotel, or over a shop)",ni0030007,ni003,Household: Accommodation Type,Count,Person,"Household: Accommodation Type: Flat, maisonette or apartment: In a commercial building (for example in an office building, hotel, or over a shop)"
Caravan or other mobile or temporary structure,ni0030008,ni003,Household: Accommodation Type,Count,Person,Household: Accommodation Type: Caravan or other mobile or temporary structure
All PEOPLE,ni0040001,ni004,Address One Year Ago,Count,Person,Address One Year Ago: All PEOPLE
Lived at same address one year ago,ni0040002,ni004,Address One Year Ago,Count,Person,Address One Year Ago: Lived at same address one year ago
Lived elsewhere one year ago; within Northern Ireland,ni0040003,ni004,Address One Year Ago,Count,Person,Address One Year Ago: Lived elsewhere one year ago; within Northern Ireland
Lived elsewhere one year ago; outside Northern Ireland - within England/Scotland/Wales,ni0040004,ni004,Address One Year Ago,Count,Person,Address One Year Ago: Lived elsewhere one year ago; outside Northern Ireland - within England/Scotland/Wales
Lived elsewhere one year ago; outside Northern Ireland - within the Republic of Ireland,ni0040005,ni004,Address One Year Ago,Count,Person,Address One Year Ago: Lived elsewhere one year ago; outside Northern Ireland - within the Republic of Ireland
Lived elsewhere one year ago; outside the UK and Republic of Ireland,ni0040006,ni004,Address One Year Ago,Count,Person,Address One Year Ago: Lived elsewhere one year ago; outside the UK and Republic of Ireland
All PEOPLE,ni0050001,ni005,Address One Year Ago - 4 Categories,Count,Person,Address One Year Ago - 4 Categories: All PEOPLE
Lived at same address one year ago,ni0050002,ni005,Address One Year Ago - 4 Categories,Count,Person,Address One Year Ago - 4 Categories: Lived at same address one year ago
Lived elsewhere one year ago; within Northern Ireland,ni0050003,ni005,Address One Year Ago - 4 Categories,Count,Person,Address One Year Ago - 4 Categories: Lived elsewhere one year ago; within Northern Ireland
Lived elsewhere one year ago; outside Northern Ireland,ni0050004,ni005,Address One Year Ago - 4 Categories,Count,Person,Address One Year Ago - 4 Categories: Lived elsewhere one year ago; outside Northern Ireland
All PEOPLE,ni0060001,ni006,Adult Lifestage - 11 Categories,Count,Person,Adult Lifestage - 11 Categories: All PEOPLE
Age 16-24 years: No dependent children in household,ni0060002,ni006,Adult Lifestage - 11 Categories,Count,Person,Adult Lifestage - 11 Categories: Age 16-24 years: No dependent children in household
Age 16-24 years: Dependent children in household,ni0060003,ni006,Adult Lifestage - 11 Categories,Count,Person,Adult Lifestage - 11 Categories: Age 16-24 years: Dependent children in household
Age 25-34 years: No dependent children in household,ni0060004,ni006,Adult Lifestage - 11 Categories,Count,Person,Adult Lifestage - 11 Categories: Age 25-34 years: No dependent children in household
Age 25-34 years: Dependent children in household,ni0060005,ni006,Adult Lifestage - 11 Categories,Count,Person,Adult Lifestage - 11 Categories: Age 25-34 years: Dependent children in household
Age 35-54 years: No dependent children in household,ni0060006,ni006,Adult Lifestage - 11 Categories,Count,Person,Adult Lifestage - 11 Categories: Age 35-54 years: No dependent children in household
Age 35-54 years: Dependent children in household,ni0060007,ni006,Adult Lifestage - 11 Categories,Count,Person,Adult Lifestage - 11 Categories: Age 35-54 years: Dependent children in household
Age 55-65 years: No dependent children in household,ni0060008,ni006,Adult Lifestage - 11 Categories,Count,Person,Adult Lifestage - 11 Categories: Age 55-65 years: No dependent children in household
Age 55-65 years: Dependent children in household,ni0060009,ni006,Adult Lifestage - 11 Categories,Count,Person,Adult Lifestage - 11 Categories: Age 55-65 years: Dependent children in household
Age 66+ years: No dependent children in household,ni0060010,ni006,Adult Lifestage - 11 Categories,Count,Person,Adult Lifestage - 11 Categories: Age 66+ years: No dependent children in household
Age 66+ years: Dependent children in household,ni0060011,ni006,Adult Lifestage - 11 Categories,Count,Person,Adult Lifestage - 11 Categories: Age 66+ years: Dependent children in household
All PEOPLE,ni0070001,ni007,Adult Lifestage - 13 Categories,Count,Person,Adult Lifestage - 13 Categories: All PEOPLE
Age 16-24 years: No dependent children in household,ni0070002,ni007,Adult Lifestage - 13 Categories,Count,Person,Adult Lifestage - 13 Categories: Age 16-24 years: No dependent children in household
Age 16-24 years: Dependent children in household,ni0070003,ni007,Adult Lifestage - 13 Categories,Count,Person,Adult Lifestage - 13 Categories: Age 16-24 years: Dependent children in household
Age 25-54 years: No dependent children in household,ni0070004,ni007,Adult Lifestage - 13 Categories,Count,Person,Adult Lifestage - 13 Categories: Age 25-54 years: No dependent children in household
Age 25-54 years: Dependent children in household: Youngest dependent child in household aged 0-4 years,ni0070005,ni007,Adult Lifestage - 13 Categories,Count,Person,Adult Lifestage - 13 Categories: Age 25-54 years: Dependent children in household: Youngest dependent child in household aged 0-4 years
Age 25-54 years: Dependent children in household: Youngest dependent child in household aged 5-11 years,ni0070006,ni007,Adult Lifestage - 13 Categories,Count,Person,Adult Lifestage - 13 Categories: Age 25-54 years: Dependent children in household: Youngest dependent child in household aged 5-11 years
Age 25-54 years: Dependent children in household: Youngest dependent child in household aged 12-18 years,ni0070007,ni007,Adult Lifestage - 13 Categories,Count,Person,Adult Lifestage - 13 Categories: Age 25-54 years: Dependent children in household: Youngest dependent child in household aged 12-18 years
Age 55-65 years: One person household,ni0070008,ni007,Adult Lifestage - 13 Categories,Count,Person,Adult Lifestage - 13 Categories: Age 55-65 years: One person household
Age 55-65 years: Two or more person household: No dependent children,ni0070009,ni007,Adult Lifestage - 13 Categories,Count,Person,Adult Lifestage - 13 Categories: Age 55-65 years: Two or more person household: No dependent children
Age 55-65 years: Two or more person household: Dependent children in household,ni0070010,ni007,Adult Lifestage - 13 Categories,Count,Person,Adult Lifestage - 13 Categories: Age 55-65 years: Two or more person household: Dependent children in household
Age 66+ years: One person household,ni0070011,ni007,Adult Lifestage - 13 Categories,Count,Person,Adult Lifestage - 13 Categories: Age 66+ years: One person household
Age 66+ years: Two or more person household: No dependent children,ni0070012,ni007,Adult Lifestage - 13 Categories,Count,Person,Adult Lifestage - 13 Categories: Age 66+ years: Two or more person household: No dependent children
Age 66+ years: Two or more person household: Dependent children in household,ni0070013,ni007,Adult Lifestage - 13 Categories,Count,Person,Adult Lifestage - 13 Categories: Age 66+ years: Two or more person household: Dependent children in household
All PEOPLE,ni0080001,ni008,Adult Lifestage,Count,Person,Adult Lifestage: All PEOPLE
Age 16-24 years: No dependent children in household,ni0080002,ni008,Adult Lifestage,Count,Person,Adult Lifestage: Age 16-24 years: No dependent children in household
Age 16-24 years: Dependent children in household,ni0080003,ni008,Adult Lifestage,Count,Person,Adult Lifestage: Age 16-24 years: Dependent children in household
Age 25-34 years: No dependent children in household,ni0080004,ni008,Adult Lifestage,Count,Person,Adult Lifestage: Age 25-34 years: No dependent children in household
Age 25-34 years: Dependent children in household: Youngest dependent child in household aged 0-4 years,ni0080005,ni008,Adult Lifestage,Count,Person,Adult Lifestage: Age 25-34 years: Dependent children in household: Youngest dependent child in household aged 0-4 years
Age 25-34 years: Dependent children in household: Youngest dependent child in household aged 5-11 years,ni0080006,ni008,Adult Lifestage,Count,Person,Adult Lifestage: Age 25-34 years: Dependent children in household: Youngest dependent child in household aged 5-11 years
Age 25-34 years: Dependent children in household: Youngest dependent child in household aged 12-18 years,ni0080007,ni008,Adult Lifestage,Count,Person,Adult Lifestage: Age 25-34 years: Dependent children in household: Youngest dependent child in household aged 12-18 years
Age 35-54 years: No dependent children in household,ni0080008,ni008,Adult Lifestage,Count,Person,Adult Lifestage: Age 35-54 years: No dependent children in household
Age 35-54 years: Dependent children in household: Youngest dependent child in household aged 0-4 years,ni0080009,ni008,Adult Lifestage,Count,Person,Adult Lifestage: Age 35-54 years: Dependent children in household: Youngest dependent child in household aged 0-4 years
Age 35-54 years: Dependent children in household: Youngest dependent child in household aged 5-11 years,ni0080010,ni008,Adult Lifestage,Count,Person,Adult Lifestage: Age 35-54 years: Dependent children in household: Youngest dependent child in household aged 5-11 years
Age 35-54 years: Dependent children in household: Youngest dependent child in household aged 12-18 years,ni0080011,ni008,Adult Lifestage,Count,Person,Adult Lifestage: Age 35-54 years: Dependent children in household: Youngest dependent child in household aged 12-18 years
Age 55-65 years: One person household,ni0080012,ni008,Adult Lifestage,Count,Person,Adult Lifestage: Age 55-65 years: One person household
Age 55-65 years: Two or more person household: No dependent children,ni0080013,ni008,Adult Lifestage,Count,Person,Adult Lifestage: Age 55-65 years: Two or more person household: No dependent children
Age 55-65 years: Two or more person household: Dependent children in household,ni0080014,ni008,Adult Lifestage,Count,Person,Adult Lifestage: Age 55-65 years: Two or more person household: Dependent children in household
Age 66-74 years: One person household,ni0080015,ni008,Adult Lifestage,Count,Person,Adult Lifestage: Age 66-74 years: One person household
Age 66-74 years: Two or more person household: No dependent children,ni0080016,ni008,Adult Lifestage,Count,Person,Adult Lifestage: Age 66-74 years: Two or more person household: No dependent children
Age 66-74 years: Two or more person household: Dependent children in household,ni0080017,ni008,Adult Lifestage,Count,Person,Adult Lifestage: Age 66-74 years: Two or more person household: Dependent children in household
Age 75+ years: One person household,ni0080018,ni008,Adult Lifestage,Count,Person,Adult Lifestage: Age 75+ years: One person household
Age 75+ years: Two or more person household: No dependent children,ni0080019,ni008,Adult Lifestage,Count,Person,Adult Lifestage: Age 75+ years: Two or more person household: No dependent children
Age 75+ years: Two or more person household: Dependent children in household,ni0080020,ni008,Adult Lifestage,Count,Person,Adult Lifestage: Age 75+ years: Two or more person household: Dependent children in household
All PEOPLE,ni0090001,ni009,Adult Lifestage - 6 Categories,Count,Person,Adult Lifestage - 6 Categories: All PEOPLE
Age 16-34 years: No dependent children in household,ni0090002,ni009,Adult Lifestage - 6 Categories,Count,Person,Adult Lifestage - 6 Categories: Age 16-34 years: No dependent children in household
Age 16-34 years: Dependent children in household,ni0090003,ni009,Adult Lifestage - 6 Categories,Count,Person,Adult Lifestage - 6 Categories: Age 16-34 years: Dependent children in household
Age 35-54 years: No dependent children in household,ni0090004,ni009,Adult Lifestage - 6 Categories,Count,Person,Adult Lifestage - 6 Categories: Age 35-54 years: No dependent children in household
Age 35-54 years: Dependent children in household,ni0090005,ni009,Adult Lifestage - 6 Categories,Count,Person,Adult Lifestage - 6 Categories: Age 35-54 years: Dependent children in household
Age 55 + years,ni0090006,ni009,Adult Lifestage - 6 Categories,Count,Person,Adult Lifestage - 6 Categories: Age 55 + years
All PEOPLE,ni0100001,ni010,Adult Lifestage - 8 Categories,Count,Person,Adult Lifestage - 8 Categories: All PEOPLE
Age 16-34 years: No dependent children in household,ni0100002,ni010,Adult Lifestage - 8 Categories,Count,Person,Adult Lifestage - 8 Categories: Age 16-34 years: No dependent children in household
Age 16-34 years: Dependent children in household,ni0100003,ni010,Adult Lifestage - 8 Categories,Count,Person,Adult Lifestage - 8 Categories: Age 16-34 years: Dependent children in household
Age 35-54 years: No dependent children in household,ni0100004,ni010,Adult Lifestage - 8 Categories,Count,Person,Adult Lifestage - 8 Categories: Age 35-54 years: No dependent children in household
Age 35-54 years: Dependent children in household,ni0100005,ni010,Adult Lifestage - 8 Categories,Count,Person,Adult Lifestage - 8 Categories: Age 35-54 years: Dependent children in household
Age 55-65 years: No dependent children in household,ni0100006,ni010,Adult Lifestage - 8 Categories,Count,Person,Adult Lifestage - 8 Categories: Age 55-65 years: No dependent children in household
Age 55-65 years: Dependent children in household,ni0100007,ni010,Adult Lifestage - 8 Categories,Count,Person,Adult Lifestage - 8 Categories: Age 55-65 years: Dependent children in household
Age 66+ years,ni0100008,ni010,Adult Lifestage - 8 Categories,Count,Person,Adult Lifestage - 8 Categories: Age 66+ years
All PEOPLE,ni0110001,ni011,Age - 10 Categories,Count,Person,Age - 10 Categories: All PEOPLE
0-9 years,ni0110002,ni011,Age - 10 Categories,Count,Person,Age - 10 Categories: 0-9 years
10-19 years,ni0110003,ni011,Age - 10 Categories,Count,Person,Age - 10 Categories: 10-19 years
20-29 years,ni0110004,ni011,Age - 10 Categories,Count,Person,Age - 10 Categories: 20-29 years
30-39 years,ni0110005,ni011,Age - 10 Categories,Count,Person,Age - 10 Categories: 30-39 years
40-49 years,ni0110006,ni011,Age - 10 Categories,Count,Person,Age - 10 Categories: 40-49 years
50-59 years,ni0110007,ni011,Age - 10 Categories,Count,Person,Age - 10 Categories: 50-59 years
60-69 years,ni0110008,ni011,Age - 10 Categories,Count,Person,Age - 10 Categories: 60-69 years
70-79 years,ni0110009,ni011,Age - 10 Categories,Count,Person,Age - 10 Categories: 70-79 years
80-89 years,ni0110010,ni011,Age - 10 Categories,Count,Person,Age - 10 Categories: 80-89 years
90+ years,ni0110011,ni011,Age - 10 Categories,Count,Person,Age - 10 Categories: 90+ years
All PEOPLE,ni0120001,ni012,Age - 19 Categories,Count,Person,Age - 19 Categories: All PEOPLE
0-4 years,ni0120002,ni012,Age - 19 Categories,Count,Person,Age - 19 Categories: 0-4 years
5-9 years,ni0120003,ni012,Age - 19 Categories,Count,Person,Age - 19 Categories: 5-9 years
10-14 years,ni0120004,ni012,Age - 19 Categories,Count,Person,Age - 19 Categories: 10-14 years
15-19 years,ni0120005,ni012,Age - 19 Categories,Count,Person,Age - 19 Categories: 15-19 years
20-24 years,ni0120006,ni012,Age - 19 Categories,Count,Person,Age - 19 Categories: 20-24 years
25-29 years,ni0120007,ni012,Age - 19 Categories,Count,Person,Age - 19 Categories: 25-29 years
30-34 years,ni0120008,ni012,Age - 19 Categories,Count,Person,Age - 19 Categories: 30-34 years
35-39 years,ni0120009,ni012,Age - 19 Categories,Count,Person,Age - 19 Categories: 35-39 years
40-44 years,ni0120010,ni012,Age - 19 Categories,Count,Person,Age - 19 Categories: 40-44 years
45-49 years,ni0120011,ni012,Age - 19 Categories,Count,Person,Age - 19 Categories: 45-49 years
50-54 years,ni0120012,ni012,Age - 19 Categories,Count,Person,Age - 19 Categories: 50-54 years
55-59 years,ni0120013,ni012,Age - 19 Categories,Count,Person,Age - 19 Categories: 55-59 years
60-64 years,ni0120014,ni012,Age - 19 Categories,Count,Person,Age - 19 Categories: 60-64 years
65-69 years,ni0120015,ni012,Age - 19 Categories,Count,Person,Age - 19 Categories: 65-69 years
70-74 years,ni0120016,ni012,Age - 19 Categories,Count,Person,Age - 19 Categories: 70-74 years
75-79 years,ni0120017,ni012,Age - 19 Categories,Count,Person,Age - 19 Categories: 75-79 years
80-84 years,ni0120018,ni012,Age - 19 Categories,Count,Person,Age - 19 Categories: 80-84 years
85-89 years,ni0120019,ni012,Age - 19 Categories,Count,Person,Age - 19 Categories: 85-89 years
90+ years,ni0120020,ni012,Age - 19 Categories,Count,Person,Age - 19 Categories: 90+ years
All PEOPLE,ni0130001,ni013,Age - 11 Categories,Count,Person,Age - 11 Categories: All PEOPLE
0-15 years,ni0130002,ni013,Age - 11 Categories,Count,Person,Age - 11 Categories: 0-15 years
16-24 years,ni0130003,ni013,Age - 11 Categories,Count,Person,Age - 11 Categories: 16-24 years
25-29 years,ni0130004,ni013,Age - 11 Categories,Count,Person,Age - 11 Categories: 25-29 years
30-34 years,ni0130005,ni013,Age - 11 Categories,Count,Person,Age - 11 Categories: 30-34 years
35-39 years,ni0130006,ni013,Age - 11 Categories,Count,Person,Age - 11 Categories: 35-39 years
40-44 years,ni0130007,ni013,Age - 11 Categories,Count,Person,Age - 11 Categories: 40-44 years
45-49 years,ni0130008,ni013,Age - 11 Categories,Count,Person,Age - 11 Categories: 45-49 years
50-54 years,ni0130009,ni013,Age - 11 Categories,Count,Person,Age - 11 Categories: 50-54 years
55-59 years,ni0130010,ni013,Age - 11 Categories,Count,Person,Age - 11 Categories: 55-59 years
60-64 years,ni0130011,ni013,Age - 11 Categories,Count,Person,Age - 11 Categories: 60-64 years
65+ years,ni0130012,ni013,Age - 11 Categories,Count,Person,Age - 11 Categories: 65+ years
All PEOPLE,ni0140001,ni014,Age - 12 Categories,Count,Person,Age - 12 Categories: All PEOPLE
0-15 years,ni0140002,ni014,Age - 12 Categories,Count,Person,Age - 12 Categories: 0-15 years
16-24 years,ni0140003,ni014,Age - 12 Categories,Count,Person,Age - 12 Categories: 16-24 years
25-29 years,ni0140004,ni014,Age - 12 Categories,Count,Person,Age - 12 Categories: 25-29 years
30-34 years,ni0140005,ni014,Age - 12 Categories,Count,Person,Age - 12 Categories: 30-34 years
35-39 years,ni0140006,ni014,Age - 12 Categories,Count,Person,Age - 12 Categories: 35-39 years
40-44 years,ni0140007,ni014,Age - 12 Categories,Count,Person,Age - 12 Categories: 40-44 years
45-49 years,ni0140008,ni014,Age - 12 Categories,Count,Person,Age - 12 Categories: 45-49 years
50-54 years,ni0140009,ni014,Age - 12 Categories,Count,Person,Age - 12 Categories: 50-54 years
55-59 years,ni0140010,ni014,Age - 12 Categories,Count,Person,Age - 12 Categories: 55-59 years
60-64 years,ni0140011,ni014,Age - 12 Categories,Count,Person,Age - 12 Categories: 60-64 years
65-74 years,ni0140012,ni014,Age - 12 Categories,Count,Person,Age - 12 Categories: 65-74 years
75+ years,ni0140013,ni014,Age - 12 Categories,Count,Person,Age - 12 Categories: 75+ years
All PEOPLE,ni0150001,ni015,Age - 2 Categories A,Count,Person,Age - 2 Categories A: All PEOPLE
0-15 years,ni0150002,ni015,Age - 2 Categories A,Count,Person,Age - 2 Categories A: 0-15 years
16+ years,ni0150003,ni015,Age - 2 Categories A,Count,Person,Age - 2 Categories A: 16+ years
All PEOPLE,ni0160001,ni016,Age - 2 Categories B,Count,Person,Age - 2 Categories B: All PEOPLE
0-17 years,ni0160002,ni016,Age - 2 Categories B,Count,Person,Age - 2 Categories B: 0-17 years
18+ years,ni0160003,ni016,Age - 2 Categories B,Count,Person,Age - 2 Categories B: 18+ years
All PEOPLE,ni0170001,ni017,Age - 2 Categories C,Count,Person,Age - 2 Categories C: All PEOPLE
0-20 years,ni0170002,ni017,Age - 2 Categories C,Count,Person,Age - 2 Categories C: 0-20 years
21+ years,ni0170003,ni017,Age - 2 Categories C,Count,Person,Age - 2 Categories C: 21+ years
All PEOPLE,ni0180001,ni018,Age - 2 Categories D,Count,Person,Age - 2 Categories D: All PEOPLE
0-65 years,ni0180002,ni018,Age - 2 Categories D,Count,Person,Age - 2 Categories D: 0-65 years
66+ years,ni0180003,ni018,Age - 2 Categories D,Count,Person,Age - 2 Categories D: 66+ years
All PEOPLE,ni0190001,ni019,Age - 3 Categories A,Count,Person,Age - 3 Categories A: All PEOPLE
0-15 years,ni0190002,ni019,Age - 3 Categories A,Count,Person,Age - 3 Categories A: 0-15 years
16-65 years,ni0190003,ni019,Age - 3 Categories A,Count,Person,Age - 3 Categories A: 16-65 years
66+ years,ni0190004,ni019,Age - 3 Categories A,Count,Person,Age - 3 Categories A: 66+ years
All PEOPLE,ni0200001,ni020,Age - 3 Categories B,Count,Person,Age - 3 Categories B: All PEOPLE
0-15 years,ni0200002,ni020,Age - 3 Categories B,Count,Person,Age - 3 Categories B: 0-15 years
16-74 years,ni0200003,ni020,Age - 3 Categories B,Count,Person,Age - 3 Categories B: 16-74 years
75+ years,ni0200004,ni020,Age - 3 Categories B,Count,Person,Age - 3 Categories B: 75+ years
All PEOPLE,ni0210001,ni021,Age - 7 Categories A,Count,Person,Age - 7 Categories A: All PEOPLE
0-15 years,ni0210002,ni021,Age - 7 Categories A,Count,Person,Age - 7 Categories A: 0-15 years
16-24 years,ni0210003,ni021,Age - 7 Categories A,Count,Person,Age - 7 Categories A: 16-24 years
25-34 years,ni0210004,ni021,Age - 7 Categories A,Count,Person,Age - 7 Categories A: 25-34 years
35-44 years,ni0210005,ni021,Age - 7 Categories A,Count,Person,Age - 7 Categories A: 35-44 years
45-54 years,ni0210006,ni021,Age - 7 Categories A,Count,Person,Age - 7 Categories A: 45-54 years
55-64 years,ni0210007,ni021,Age - 7 Categories A,Count,Person,Age - 7 Categories A: 55-64 years
65+ years,ni0210008,ni021,Age - 7 Categories A,Count,Person,Age - 7 Categories A: 65+ years
All PEOPLE,ni0220001,ni022,Age - 7 Categories B,Count,Person,Age - 7 Categories B: All PEOPLE
0-15 years,ni0220002,ni022,Age - 7 Categories B,Count,Person,Age - 7 Categories B: 0-15 years
16-17 years,ni0220003,ni022,Age - 7 Categories B,Count,Person,Age - 7 Categories B: 16-17 years
18-19 years,ni0220004,ni022,Age - 7 Categories B,Count,Person,Age - 7 Categories B: 18-19 years
20-24 years,ni0220005,ni022,Age - 7 Categories B,Count,Person,Age - 7 Categories B: 20-24 years
25-39 years,ni0220006,ni022,Age - 7 Categories B,Count,Person,Age - 7 Categories B: 25-39 years
40-64 years,ni0220007,ni022,Age - 7 Categories B,Count,Person,Age - 7 Categories B: 40-64 years
65+ years,ni0220008,ni022,Age - 7 Categories B,Count,Person,Age - 7 Categories B: 65+ years
All PEOPLE,ni0230001,ni023,Age - 8 Categories,Count,Person,Age - 8 Categories: All PEOPLE
0-15 years,ni0230002,ni023,Age - 8 Categories,Count,Person,Age - 8 Categories: 0-15 years
16-24 years,ni0230003,ni023,Age - 8 Categories,Count,Person,Age - 8 Categories: 16-24 years
25-34 years,ni0230004,ni023,Age - 8 Categories,Count,Person,Age - 8 Categories: 25-34 years
35-44 years,ni0230005,ni023,Age - 8 Categories,Count,Person,Age - 8 Categories: 35-44 years
45-54 years,ni0230006,ni023,Age - 8 Categories,Count,Person,Age - 8 Categories: 45-54 years
55-64 years,ni0230007,ni023,Age - 8 Categories,Count,Person,Age - 8 Categories: 55-64 years
65-74 years,ni0230008,ni023,Age - 8 Categories,Count,Person,Age - 8 Categories: 65-74 years
75+ years,ni0230009,ni023,Age - 8 Categories,Count,Person,Age - 8 Categories: 75+ years
All PEOPLE,ni0240001,ni024,Age - 4 Categories,Count,Person,Age - 4 Categories: All PEOPLE
0-15 years,ni0240002,ni024,Age - 4 Categories,Count,Person,Age - 4 Categories: 0-15 years
16-39 years,ni0240003,ni024,Age - 4 Categories,Count,Person,Age - 4 Categories: 16-39 years
40-64 years,ni0240004,ni024,Age - 4 Categories,Count,Person,Age - 4 Categories: 40-64 years
65+ years,ni0240005,ni024,Age - 4 Categories,Count,Person,Age - 4 Categories: 65+ years
All PEOPLE,ni0250001,ni025,Age,Count,Person,Age: All PEOPLE
0 years,ni0250002,ni025,Age,Count,Person,Age: 0 years
1 year,ni0250003,ni025,Age,Count,Person,Age: 1 year
2 years,ni0250004,ni025,Age,Count,Person,Age: 2 years
3 years,ni0250005,ni025,Age,Count,Person,Age: 3 years
4 years,ni0250006,ni025,Age,Count,Person,Age: 4 years
5 years,ni0250007,ni025,Age,Count,Person,Age: 5 years
6 years,ni0250008,ni025,Age,Count,Person,Age: 6 years
7 years,ni0250009,ni025,Age,Count,Person,Age: 7 years
8 years,ni0250010,ni025,Age,Count,Person,Age: 8 years
9 years,ni0250011,ni025,Age,Count,Person,Age: 9 years
10 years,ni0250012,ni025,Age,Count,Person,Age: 10 years
11 years,ni0250013,ni025,Age,Count,Person,Age: 11 years
12 years,ni0250014,ni025,Age,Count,Person,Age: 12 years
13 years,ni0250015,ni025,Age,Count,Person,Age: 13 years
14 years,ni0250016,ni025,Age,Count,Person,Age: 14 years
15 years,ni0250017,ni025,Age,Count,Person,Age: 15 years
16 years,ni0250018,ni025,Age,Count,Person,Age: 16 years
17 years,ni0250019,ni025,Age,Count,Person,Age: 17 years
18 years,ni0250020,ni025,Age,Count,Person,Age: 18 years
19 years,ni0250021,ni025,Age,Count,Person,Age: 19 years
20 years,ni0250022,ni025,Age,Count,Person,Age: 20 years
21 years,ni0250023,ni025,Age,Count,Person,Age: 21 years
22 years,ni0250024,ni025,Age,Count,Person,Age: 22 years
23 years,ni0250025,ni025,Age,Count,Person,Age: 23 years
24 years,ni0250026,ni025,Age,Count,Person,Age: 24 years
25 years,ni0250027,ni025,Age,Count,Person,Age: 25 years
26 years,ni0250028,ni025,Age,Count,Person,Age: 26 years
27 years,ni0250029,ni025,Age,Count,Person,Age: 27 years
28 years,ni0250030,ni025,Age,Count,Person,Age: 28 years
29 years,ni0250031,ni025,Age,Count,Person,Age: 29 years
30 years,ni0250032,ni025,Age,Count,Person,Age: 30 years
31 years,ni0250033,ni025,Age,Count,Person,Age: 31 years
32 years,ni0250034,ni025,Age,Count,Person,Age: 32 years
33 years,ni0250035,ni025,Age,Count,Person,Age: 33 years
34 years,ni0250036,ni025,Age,Count,Person,Age: 34 years
35 years,ni0250037,ni025,Age,Count,Person,Age: 35 years
36 years,ni0250038,ni025,Age,Count,Person,Age: 36 years
37 years,ni0250039,ni025,Age,Count,Person,Age: 37 years
38 years,ni0250040,ni025,Age,Count,Person,Age: 38 years
39 years,ni0250041,ni025,Age,Count,Person,Age: 39 years
40 years,ni0250042,ni025,Age,Count,Person,Age: 40 years
41 years,ni0250043,ni025,Age,Count,Person,Age: 41 years
42 years,ni0250044,ni025,Age,Count,Person,Age: 42 years
43 years,ni0250045,ni025,Age,Count,Person,Age: 43 years
44 years,ni0250046,ni025,Age,Count,Person,Age: 44 years
45 years,ni0250047,ni025,Age,Count,Person,Age: 45 years
46 years,ni0250048,ni025,Age,Count,Person,Age: 46 years
47 years,ni0250049,ni025,Age,Count,Person,Age: 47 years
48 years,ni0250050,ni025,Age,Count,Person,Age: 48 years
49 years,ni0250051,ni025,Age,Count,Person,Age: 49 years
50 years,ni0250052,ni025,Age,Count,Person,Age: 50 years
51 years,ni0250053,ni025,Age,Count,Person,Age: 51 years
52 years,ni0250054,ni025,Age,Count,Person,Age: 52 years
53 years,ni0250055,ni025,Age,Count,Person,Age: 53 years
54 years,ni0250056,ni025,Age,Count,Person,Age: 54 years
55 years,ni0250057,ni025,Age,Count,Person,Age: 55 years
56 years,ni0250058,ni025,Age,Count,Person,Age: 56 years
57 years,ni0250059,ni025,Age,Count,Person,Age: 57 years
58 years,ni0250060,ni025,Age,Count,Person,Age: 58 years
59 years,ni0250061,ni025,Age,Count,Person,Age: 59 years
60 years,ni0250062,ni025,Age,Count,Person,Age: 60 years
61 years,ni0250063,ni025,Age,Count,Person,Age: 61 years
62 years,ni0250064,ni025,Age,Count,Person,Age: 62 years
63 years,ni0250065,ni025,Age,Count,Person,Age: 63 years
64 years,ni0250066,ni025,Age,Count,Person,Age: 64 years
65 years,ni0250067,ni025,Age,Count,Person,Age: 65 years
66 years,ni0250068,ni025,Age,Count,Person,Age: 66 years
67 years,ni0250069,ni025,Age,Count,Person,Age: 67 years
68 years,ni0250070,ni025,Age,Count,Person,Age: 68 years
69 years,ni0250071,ni025,Age,Count,Person,Age: 69 years
70 years,ni0250072,ni025,Age,Count,Person,Age: 70 years
71 years,ni0250073,ni025,Age,Count,Person,Age: 71 years
72 years,ni0250074,ni025,Age,Count,Person,Age: 72 years
73 years,ni0250075,ni025,Age,Count,Person,Age: 73 years
74 years,ni0250076,ni025,Age,Count,Person,Age: 74 years
75 years,ni0250077,ni025,Age,Count,Person,Age: 75 years
76 years,ni0250078,ni025,Age,Count,Person,Age: 76 years
77 years,ni0250079,ni025,Age,Count,Person,Age: 77 years
78 years,ni0250080,ni025,Age,Count,Person,Age: 78 years
79 years,ni0250081,ni025,Age,Count,Person,Age: 79 years
80 years,ni0250082,ni025,Age,Count,Person,Age: 80 years
81 years,ni0250083,ni025,Age,Count,Person,Age: 81 years
82 years,ni0250084,ni025,Age,Count,Person,Age: 82 years
83 years,ni0250085,ni025,Age,Count,Person,Age: 83 years
84 years,ni0250086,ni025,Age,Count,Person,Age: 84 years
85 years,ni0250087,ni025,Age,Count,Person,Age: 85 years
86 years,ni0250088,ni025,Age,Count,Person,Age: 86 years
87 years,ni0250089,ni025,Age,Count,Person,Age: 87 years
88 years,ni0250090,ni025,Age,Count,Person,Age: 88 years
89 years,ni0250091,ni025,Age,Count,Person,Age: 89 years
90 years,ni0250092,ni025,Age,Count,Person,Age: 90 years
91 years,ni0250093,ni025,Age,Count,Person,Age: 91 years
92 years,ni0250094,ni025,Age,Count,Person,Age: 92 years
93 years,ni0250095,ni025,Age,Count,Person,Age: 93 years
94 years,ni0250096,ni025,Age,Count,Person,Age: 94 years
95 years,ni0250097,ni025,Age,Count,Person,Age: 95 years
96 years,ni0250098,ni025,Age,Count,Person,Age: 96 years
97 years,ni0250099,ni025,Age,Count,Person,Age: 97 years
98 years,ni0250100,ni025,Age,Count,Person,Age: 98 years
99 years,ni0250101,ni025,Age,Count,Person,Age: 99 years
100+ years,ni0250102,ni025,Age,Count,Person,Age: 100+ years
All PEOPLE,ni0260001,ni026,Age - 86 Categories,Count,Person,Age - 86 Categories: All PEOPLE
0 years,ni0260002,ni026,Age - 86 Categories,Count,Person,Age - 86 Categories: 0 years
1 year,ni0260003,ni026,Age - 86 Categories,Count,Person,Age - 86 Categories: 1 year
2 years,ni0260004,ni026,Age - 86 Categories,Count,Person,Age - 86 Categories: 2 years
3 years,ni0260005,ni026,Age - 86 Categories,Count,Person,Age - 86 Categories: 3 years
4 years,ni0260006,ni026,Age - 86 Categories,Count,Person,Age - 86 Categories: 4 years
5 years,ni0260007,ni026,Age - 86 Categories,Count,Person,Age - 86 Categories: 5 years
6 years,ni0260008,ni026,Age - 86 Categories,Count,Person,Age - 86 Categories: 6 years
7 years,ni0260009,ni026,Age - 86 Categories,Count,Person,Age - 86 Categories: 7 years
8 years,ni0260010,ni026,Age - 86 Categories,Count,Person,Age - 86 Categories: 8 years
9 years,ni0260011,ni026,Age - 86 Categories,Count,Person,Age - 86 Categories: 9 years
10 years,ni0260012,ni026,Age - 86 Categories,Count,Person,Age - 86 Categories: 10 years
11 years,ni0260013,ni026,Age - 86 Categories,Count,Person,Age - 86 Categories: 11 years
12 years,ni0260014,ni026,Age - 86 Categories,Count,Person,Age - 86 Categories: 12 years
13 years,ni0260015,ni026,Age - 86 Categories,Count,Person,Age - 86 Categories: 13 years
14 years,ni0260016,ni026,Age - 86 Categories,Count,Person,Age - 86 Categories: 14 years
15 years,ni0260017,ni026,Age - 86 Categories,Count,Person,Age - 86 Categories: 15 years
16 years,ni0260018,ni026,Age - 86 Categories,Count,Person,Age - 86 Categories: 16 years
17 years,ni0260019,ni026,Age - 86 Categories,Count,Person,Age - 86 Categories: 17 years
18 years,ni0260020,ni026,Age - 86 Categories,Count,Person,Age - 86 Categories: 18 years
19 years,ni0260021,ni026,Age - 86 Categories,Count,Person,Age - 86 Categories: 19 years
20 years,ni0260022,ni026,Age - 86 Categories,Count,Person,Age - 86 Categories: 20 years
21 years,ni0260023,ni026,Age - 86 Categories,Count,Person,Age - 86 Categories: 21 years
22 years,ni0260024,ni026,Age - 86 Categories,Count,Person,Age - 86 Categories: 22 years
23 years,ni0260025,ni026,Age - 86 Categories,Count,Person,Age - 86 Categories: 23 years
24 years,ni0260026,ni026,Age - 86 Categories,Count,Person,Age - 86 Categories: 24 years
25 years,ni0260027,ni026,Age - 86 Categories,Count,Person,Age - 86 Categories: 25 years
26 years,ni0260028,ni026,Age - 86 Categories,Count,Person,Age - 86 Categories: 26 years
27 years,ni0260029,ni026,Age - 86 Categories,Count,Person,Age - 86 Categories: 27 years
28 years,ni0260030,ni026,Age - 86 Categories,Count,Person,Age - 86 Categories: 28 years
29 years,ni0260031,ni026,Age - 86 Categories,Count,Person,Age - 86 Categories: 29 years
30 years,ni0260032,ni026,Age - 86 Categories,Count,Person,Age - 86 Categories: 30 years
31 years,ni0260033,ni026,Age - 86 Categories,Count,Person,Age - 86 Categories: 31 years
32 years,ni0260034,ni026,Age - 86 Categories,Count,Person,Age - 86 Categories: 32 years
33 years,ni0260035,ni026,Age - 86 Categories,Count,Person,Age - 86 Categories: 33 years
34 years,ni0260036,ni026,Age - 86 Categories,Count,Person,Age - 86 Categories: 34 years
35 years,ni0260037,ni026,Age - 86 Categories,Count,Person,Age - 86 Categories: 35 years
36 years,ni0260038,ni026,Age - 86 Categories,Count,Person,Age - 86 Categories: 36 years
37 years,ni0260039,ni026,Age - 86 Categories,Count,Person,Age - 86 Categories: 37 years
38 years,ni0260040,ni026,Age - 86 Categories,Count,Person,Age - 86 Categories: 38 years
39 years,ni0260041,ni026,Age - 86 Categories,Count,Person,Age - 86 Categories: 39 years
40 years,ni0260042,ni026,Age - 86 Categories,Count,Person,Age - 86 Categories: 40 years
41 years,ni0260043,ni026,Age - 86 Categories,Count,Person,Age - 86 Categories: 41 years
42 years,ni0260044,ni026,Age - 86 Categories,Count,Person,Age - 86 Categories: 42 years
43 years,ni0260045,ni026,Age - 86 Categories,Count,Person,Age - 86 Categories: 43 years
44 years,ni0260046,ni026,Age - 86 Categories,Count,Person,Age - 86 Categories: 44 years
45 years,ni0260047,ni026,Age - 86 Categories,Count,Person,Age - 86 Categories: 45 years
46 years,ni0260048,ni026,Age - 86 Categories,Count,Person,Age - 86 Categories: 46 years
47 years,ni0260049,ni026,Age - 86 Categories,Count,Person,Age - 86 Categories: 47 years
48 years,ni0260050,ni026,Age - 86 Categories,Count,Person,Age - 86 Categories: 48 years
49 years,ni0260051,ni026,Age - 86 Categories,Count,Person,Age - 86 Categories: 49 years
50 years,ni0260052,ni026,Age - 86 Categories,Count,Person,Age - 86 Categories: 50 years
51 years,ni0260053,ni026,Age - 86 Categories,Count,Person,Age - 86 Categories: 51 years
52 years,ni0260054,ni026,Age - 86 Categories,Count,Person,Age - 86 Categories: 52 years
53 years,ni0260055,ni026,Age - 86 Categories,Count,Person,Age - 86 Categories: 53 years
54 years,ni0260056,ni026,Age - 86 Categories,Count,Person,Age - 86 Categories: 54 years
55 years,ni0260057,ni026,Age - 86 Categories,Count,Person,Age - 86 Categories: 55 years
56 years,ni0260058,ni026,Age - 86 Categories,Count,Person,Age - 86 Categories: 56 years
57 years,ni0260059,ni026,Age - 86 Categories,Count,Person,Age - 86 Categories: 57 years
58 years,ni0260060,ni026,Age - 86 Categories,Count,Person,Age - 86 Categories: 58 years
59 years,ni0260061,ni026,Age - 86 Categories,Count,Person,Age - 86 Categories: 59 years
60 years,ni0260062,ni026,Age - 86 Categories,Count,Person,Age - 86 Categories: 60 years
61 years,ni0260063,ni026,Age - 86 Categories,Count,Person,Age - 86 Categories: 61 years
62 years,ni0260064,ni026,Age - 86 Categories,Count,Person,Age - 86 Categories: 62 years
63 years,ni0260065,ni026,Age - 86 Categories,Count,Person,Age - 86 Categories: 63 years
64 years,ni0260066,ni026,Age - 86 Categories,Count,Person,Age - 86 Categories: 64 years
65 years,ni0260067,ni026,Age - 86 Categories,Count,Person,Age - 86 Categories: 65 years
66 years,ni0260068,ni026,Age - 86 Categories,Count,Person,Age - 86 Categories: 66 years
67 years,ni0260069,ni026,Age - 86 Categories,Count,Person,Age - 86 Categories: 67 years
68 years,ni0260070,ni026,Age - 86 Categories,Count,Person,Age - 86 Categories: 68 years
69 years,ni0260071,ni026,Age - 86 Categories,Count,Person,Age - 86 Categories: 69 years
70 years,ni0260072,ni026,Age - 86 Categories,Count,Person,Age - 86 Categories: 70 years
71 years,ni0260073,ni026,Age - 86 Categories,Count,Person,Age - 86 Categories: 71 years
72 years,ni0260074,ni026,Age - 86 Categories,Count,Person,Age - 86 Categories: 72 years
73 years,ni0260075,ni026,Age - 86 Categories,Count,Person,Age - 86 Categories: 73 years
74 years,ni0260076,ni026,Age - 86 Categories,Count,Person,Age - 86 Categories: 74 years
75 years,ni0260077,ni026,Age - 86 Categories,Count,Person,Age - 86 Categories: 75 years
76 years,ni0260078,ni026,Age - 86 Categories,Count,Person,Age - 86 Categories: 76 years
77 years,ni0260079,ni026,Age - 86 Categories,Count,Person,Age - 86 Categories: 77 years
78 years,ni0260080,ni026,Age - 86 Categories,Count,Person,Age - 86 Categories: 78 years
79 years,ni0260081,ni026,Age - 86 Categories,Count,Person,Age - 86 Categories: 79 years
80 years,ni0260082,ni026,Age - 86 Categories,Count,Person,Age - 86 Categories: 80 years
81 years,ni0260083,ni026,Age - 86 Categories,Count,Person,Age - 86 Categories: 81 years
82 years,ni0260084,ni026,Age - 86 Categories,Count,Person,Age - 86 Categories: 82 years
83 years,ni0260085,ni026,Age - 86 Categories,Count,Person,Age - 86 Categories: 83 years
84 years,ni0260086,ni026,Age - 86 Categories,Count,Person,Age - 86 Categories: 84 years
85+ years,ni0260087,ni026,Age - 86 Categories,Count,Person,Age - 86 Categories: 85+ years
All PEOPLE,ni0270001,ni027,Country of Birth,Count,Person,Country of Birth: All PEOPLE
Europe: United Kingdom: Northern Ireland,ni0270002,ni027,Country of Birth,Count,Person,Country of Birth: Europe: United Kingdom: Northern Ireland
Europe: United Kingdom: England,ni0270003,ni027,Country of Birth,Count,Person,Country of Birth: Europe: United Kingdom: England
Europe: United Kingdom: Scotland,ni0270004,ni027,Country of Birth,Count,Person,Country of Birth: Europe: United Kingdom: Scotland
Europe: United Kingdom: Wales,ni0270005,ni027,Country of Birth,Count,Person,Country of Birth: Europe: United Kingdom: Wales
Europe: Republic of Ireland,ni0270006,ni027,Country of Birth,Count,Person,Country of Birth: Europe: Republic of Ireland
Europe: Poland,ni0270007,ni027,Country of Birth,Count,Person,Country of Birth: Europe: Poland
Europe: Lithuania,ni0270008,ni027,Country of Birth,Count,Person,Country of Birth: Europe: Lithuania
Europe: Romania,ni0270009,ni027,Country of Birth,Count,Person,Country of Birth: Europe: Romania
Europe: Bulgaria,ni0270010,ni027,Country of Birth,Count,Person,Country of Birth: Europe: Bulgaria
Europe: Germany,ni0270011,ni027,Country of Birth,Count,Person,Country of Birth: Europe: Germany
Europe: Portugal,ni0270012,ni027,Country of Birth,Count,Person,Country of Birth: Europe: Portugal
Europe: Latvia,ni0270013,ni027,Country of Birth,Count,Person,Country of Birth: Europe: Latvia
Europe: Slovakia,ni0270014,ni027,Country of Birth,Count,Person,Country of Birth: Europe: Slovakia
Europe: Hungary,ni0270015,ni027,Country of Birth,Count,Person,Country of Birth: Europe: Hungary
Europe: Spain (including Canary Islands),ni0270016,ni027,Country of Birth,Count,Person,Country of Birth: Europe: Spain (including Canary Islands)
Europe: Italy,ni0270017,ni027,Country of Birth,Count,Person,Country of Birth: Europe: Italy
Europe: France,ni0270018,ni027,Country of Birth,Count,Person,Country of Birth: Europe: France
Europe: Other EU Countries,ni0270019,ni027,Country of Birth,Count,Person,Country of Birth: Europe: Other EU Countries
Europe: Other Non-EU countries,ni0270020,ni027,Country of Birth,Count,Person,Country of Birth: Europe: Other Non-EU countries
Africa: South Africa,ni0270021,ni027,Country of Birth,Count,Person,Country of Birth: Africa: South Africa
Africa: Nigeria,ni0270022,ni027,Country of Birth,Count,Person,Country of Birth: Africa: Nigeria
Africa: Zimbabwe,ni0270023,ni027,Country of Birth,Count,Person,Country of Birth: Africa: Zimbabwe
Africa: Other Africa,ni0270024,ni027,Country of Birth,Count,Person,Country of Birth: Africa: Other Africa
Middle East and Asia: India,ni0270025,ni027,Country of Birth,Count,Person,Country of Birth: Middle East and Asia: India
Middle East and Asia: China,ni0270026,ni027,Country of Birth,Count,Person,Country of Birth: Middle East and Asia: China
Middle East and Asia: Philippines,ni0270027,ni027,Country of Birth,Count,Person,Country of Birth: Middle East and Asia: Philippines
Middle East and Asia: East Timor,ni0270028,ni027,Country of Birth,Count,Person,Country of Birth: Middle East and Asia: East Timor
Middle East and Asia: Hong Kong (Special Administrative Region of China),ni0270029,ni027,Country of Birth,Count,Person,Country of Birth: Middle East and Asia: Hong Kong (Special Administrative Region of China)
Middle East and Asia: Syria,ni0270030,ni027,Country of Birth,Count,Person,Country of Birth: Middle East and Asia: Syria
Middle East and Asia: Pakistan,ni0270031,ni027,Country of Birth,Count,Person,Country of Birth: Middle East and Asia: Pakistan
Middle East and Asia: Other,ni0270032,ni027,Country of Birth,Count,Person,Country of Birth: Middle East and Asia: Other
"North America, Central America and Caribbean: United States",ni0270033,ni027,Country of Birth,Count,Person,"Country of Birth: North America, Central America and Caribbean: United States"
"North America, Central America and Caribbean: Canada",ni0270034,ni027,Country of Birth,Count,Person,"Country of Birth: North America, Central America and Caribbean: Canada"
"North America, Central America and Caribbean: Other",ni0270035,ni027,Country of Birth,Count,Person,"Country of Birth: North America, Central America and Caribbean: Other"
South America,ni0270036,ni027,Country of Birth,Count,Person,Country of Birth: South America
"Antarctica, Oceania and Other: Australia",ni0270037,ni027,Country of Birth,Count,Person,"Country of Birth: Antarctica, Oceania and Other: Australia"
"Antarctica, Oceania and Other: Other",ni0270038,ni027,Country of Birth,Count,Person,"Country of Birth: Antarctica, Oceania and Other: Other"
All PEOPLE,ni0280001,ni028,Country of Birth - 2 Categories,Count,Person,Country of Birth - 2 Categories: All PEOPLE
Born in Northern Ireland,ni0280002,ni028,Country of Birth - 2 Categories,Count,Person,Country of Birth - 2 Categories: Born in Northern Ireland
Born outside Northern Ireland,ni0280003,ni028,Country of Birth - 2 Categories,Count,Person,Country of Birth - 2 Categories: Born outside Northern Ireland
All PEOPLE,ni0290001,ni029,Country of Birth - 20 Categories,Count,Person,Country of Birth - 20 Categories: All PEOPLE
Europe: United Kingdom: Northern Ireland,ni0290002,ni029,Country of Birth - 20 Categories,Count,Person,Country of Birth - 20 Categories: Europe: United Kingdom: Northern Ireland
Europe: United Kingdom: England,ni0290003,ni029,Country of Birth - 20 Categories,Count,Person,Country of Birth - 20 Categories: Europe: United Kingdom: England
Europe: United Kingdom: Scotland,ni0290004,ni029,Country of Birth - 20 Categories,Count,Person,Country of Birth - 20 Categories: Europe: United Kingdom: Scotland
Europe: United Kingdom: Wales,ni0290005,ni029,Country of Birth - 20 Categories,Count,Person,Country of Birth - 20 Categories: Europe: United Kingdom: Wales
Europe: Republic of Ireland,ni0290006,ni029,Country of Birth - 20 Categories,Count,Person,Country of Birth - 20 Categories: Europe: Republic of Ireland
Europe: Poland,ni0290007,ni029,Country of Birth - 20 Categories,Count,Person,Country of Birth - 20 Categories: Europe: Poland
Europe: Lithuania,ni0290008,ni029,Country of Birth - 20 Categories,Count,Person,Country of Birth - 20 Categories: Europe: Lithuania
Europe: Romania,ni0290009,ni029,Country of Birth - 20 Categories,Count,Person,Country of Birth - 20 Categories: Europe: Romania
Europe: Bulgaria,ni0290010,ni029,Country of Birth - 20 Categories,Count,Person,Country of Birth - 20 Categories: Europe: Bulgaria
Europe: Germany,ni0290011,ni029,Country of Birth - 20 Categories,Count,Person,Country of Birth - 20 Categories: Europe: Germany
Europe: Other EU countries,ni0290012,ni029,Country of Birth - 20 Categories,Count,Person,Country of Birth - 20 Categories: Europe: Other EU countries
Europe: Other Non-EU countries,ni0290013,ni029,Country of Birth - 20 Categories,Count,Person,Country of Birth - 20 Categories: Europe: Other Non-EU countries
Africa,ni0290014,ni029,Country of Birth - 20 Categories,Count,Person,Country of Birth - 20 Categories: Africa
Middle East and Asia: India,ni0290015,ni029,Country of Birth - 20 Categories,Count,Person,Country of Birth - 20 Categories: Middle East and Asia: India
Middle East and Asia: China,ni0290016,ni029,Country of Birth - 20 Categories,Count,Person,Country of Birth - 20 Categories: Middle East and Asia: China
Middle East and Asia: Other,ni0290017,ni029,Country of Birth - 20 Categories,Count,Person,Country of Birth - 20 Categories: Middle East and Asia: Other
"North America, Central America and Caribbean: United States",ni0290018,ni029,Country of Birth - 20 Categories,Count,Person,"Country of Birth - 20 Categories: North America, Central America and Caribbean: United States"
"North America, Central America and Caribbean: Other",ni0290019,ni029,Country of Birth - 20 Categories,Count,Person,"Country of Birth - 20 Categories: North America, Central America and Caribbean: Other"
South America,ni0290020,ni029,Country of Birth - 20 Categories,Count,Person,Country of Birth - 20 Categories: South America
"Antarctica, Oceania and Other",ni0290021,ni029,Country of Birth - 20 Categories,Count,Person,"Country of Birth - 20 Categories: Antarctica, Oceania and Other"
All PEOPLE,ni0300001,ni030,Country of Birth - 3 Categories,Count,Person,Country of Birth - 3 Categories: All PEOPLE
Northern Ireland,ni0300002,ni030,Country of Birth - 3 Categories,Count,Person,Country of Birth - 3 Categories: Northern Ireland
Rest of United Kingdom and Republic of Ireland,ni0300003,ni030,Country of Birth - 3 Categories,Count,Person,Country of Birth - 3 Categories: Rest of United Kingdom and Republic of Ireland
Other,ni0300004,ni030,Country of Birth - 3 Categories,Count,Person,Country of Birth - 3 Categories: Other
All PEOPLE,ni0310001,ni031,Country of Birth - 4 Categories,Count,Person,Country of Birth - 4 Categories: All PEOPLE
Europe: United Kingdom: Northern Ireland,ni0310002,ni031,Country of Birth - 4 Categories,Count,Person,Country of Birth - 4 Categories: Europe: United Kingdom: Northern Ireland
"Europe: United Kingdom: England, Scotland and Wales",ni0310003,ni031,Country of Birth - 4 Categories,Count,Person,"Country of Birth - 4 Categories: Europe: United Kingdom: England, Scotland and Wales"
Europe: Ireland,ni0310004,ni031,Country of Birth - 4 Categories,Count,Person,Country of Birth - 4 Categories: Europe: Ireland
Born outside the United Kingdom and Ireland,ni0310005,ni031,Country of Birth - 4 Categories,Count,Person,Country of Birth - 4 Categories: Born outside the United Kingdom and Ireland
All PEOPLE,ni0320001,ni032,Country of Birth - 5 Categories,Count,Person,Country of Birth - 5 Categories: All PEOPLE
Europe: United Kingdom: Northern Ireland,ni0320002,ni032,Country of Birth - 5 Categories,Count,Person,Country of Birth - 5 Categories: Europe: United Kingdom: Northern Ireland
"Europe: United Kingdom: England, Scotland and Wales",ni0320003,ni032,Country of Birth - 5 Categories,Count,Person,"Country of Birth - 5 Categories: Europe: United Kingdom: England, Scotland and Wales"
Europe: Ireland,ni0320004,ni032,Country of Birth - 5 Categories,Count,Person,Country of Birth - 5 Categories: Europe: Ireland
Europe: Other,ni0320005,ni032,Country of Birth - 5 Categories,Count,Person,Country of Birth - 5 Categories: Europe: Other
Other countries,ni0320006,ni032,Country of Birth - 5 Categories,Count,Person,Country of Birth - 5 Categories: Other countries
All PEOPLE,ni0330001,ni033,Country of Birth - 9 Categories,Count,Person,Country of Birth - 9 Categories: All PEOPLE
Europe: United Kingdom: Northern Ireland,ni0330002,ni033,Country of Birth - 9 Categories,Count,Person,Country of Birth - 9 Categories: Europe: United Kingdom: Northern Ireland
"Europe: United Kingdom: England, Scotland and Wales",ni0330003,ni033,Country of Birth - 9 Categories,Count,Person,"Country of Birth - 9 Categories: Europe: United Kingdom: England, Scotland and Wales"
Europe: Ireland,ni0330004,ni033,Country of Birth - 9 Categories,Count,Person,Country of Birth - 9 Categories: Europe: Ireland
Europe: Other EU countries,ni0330005,ni033,Country of Birth - 9 Categories,Count,Person,Country of Birth - 9 Categories: Europe: Other EU countries
Europe: Other Non-EU countries,ni0330006,ni033,Country of Birth - 9 Categories,Count,Person,Country of Birth - 9 Categories: Europe: Other Non-EU countries
Africa,ni0330007,ni033,Country of Birth - 9 Categories,Count,Person,Country of Birth - 9 Categories: Africa
Middle East and Asia,ni0330008,ni033,Country of Birth - 9 Categories,Count,Person,Country of Birth - 9 Categories: Middle East and Asia
The Americas and the Caribbean,ni0330009,ni033,Country of Birth - 9 Categories,Count,Person,Country of Birth - 9 Categories: The Americas and the Caribbean
"Antarctica, Oceania and Other",ni0330010,ni033,Country of Birth - 9 Categories,Count,Person,"Country of Birth - 9 Categories: Antarctica, Oceania and Other"
All PEOPLE,ni0340001,ni034,Country of Birth - 12 Categories,Count,Person,Country of Birth - 12 Categories: All PEOPLE
Europe: United Kingdom: Northern Ireland,ni0340002,ni034,Country of Birth - 12 Categories,Count,Person,Country of Birth - 12 Categories: Europe: United Kingdom: Northern Ireland
Europe: United Kingdom: England,ni0340003,ni034,Country of Birth - 12 Categories,Count,Person,Country of Birth - 12 Categories: Europe: United Kingdom: England
Europe: United Kingdom: Scotland,ni0340004,ni034,Country of Birth - 12 Categories,Count,Person,Country of Birth - 12 Categories: Europe: United Kingdom: Scotland
Europe: United Kingdom: Wales,ni0340005,ni034,Country of Birth - 12 Categories,Count,Person,Country of Birth - 12 Categories: Europe: United Kingdom: Wales
Europe: Republic of Ireland,ni0340006,ni034,Country of Birth - 12 Categories,Count,Person,Country of Birth - 12 Categories: Europe: Republic of Ireland
Europe: Other EU countries,ni0340007,ni034,Country of Birth - 12 Categories,Count,Person,Country of Birth - 12 Categories: Europe: Other EU countries
Europe: Other Non-EU countries,ni0340008,ni034,Country of Birth - 12 Categories,Count,Person,Country of Birth - 12 Categories: Europe: Other Non-EU countries
Africa,ni0340009,ni034,Country of Birth - 12 Categories,Count,Person,Country of Birth - 12 Categories: Africa
Middle East and Asia,ni0340010,ni034,Country of Birth - 12 Categories,Count,Person,Country of Birth - 12 Categories: Middle East and Asia
"North America, Central America and Caribbean",ni0340011,ni034,Country of Birth - 12 Categories,Count,Person,"Country of Birth - 12 Categories: North America, Central America and Caribbean"
South America,ni0340012,ni034,Country of Birth - 12 Categories,Count,Person,Country of Birth - 12 Categories: South America
"Antarctica, Oceania and Other",ni0340013,ni034,Country of Birth - 12 Categories,Count,Person,"Country of Birth - 12 Categories: Antarctica, Oceania and Other"
All PEOPLE,ni0350001,ni035,Country of Birth - 8 Categories,Count,Person,Country of Birth - 8 Categories: All PEOPLE
Europe: United Kingdom: Northern Ireland,ni0350002,ni035,Country of Birth - 8 Categories,Count,Person,Country of Birth - 8 Categories: Europe: United Kingdom: Northern Ireland
Europe: United Kingdom: England,ni0350003,ni035,Country of Birth - 8 Categories,Count,Person,Country of Birth - 8 Categories: Europe: United Kingdom: England
Europe: United Kingdom: Scotland,ni0350004,ni035,Country of Birth - 8 Categories,Count,Person,Country of Birth - 8 Categories: Europe: United Kingdom: Scotland
Europe: United Kingdom: Wales,ni0350005,ni035,Country of Birth - 8 Categories,Count,Person,Country of Birth - 8 Categories: Europe: United Kingdom: Wales
Europe: Republic of Ireland,ni0350006,ni035,Country of Birth - 8 Categories,Count,Person,Country of Birth - 8 Categories: Europe: Republic of Ireland
Europe: Other EU countries,ni0350007,ni035,Country of Birth - 8 Categories,Count,Person,Country of Birth - 8 Categories: Europe: Other EU countries
Europe: Other Non-EU countries,ni0350008,ni035,Country of Birth - 8 Categories,Count,Person,Country of Birth - 8 Categories: Europe: Other Non-EU countries
Other countries,ni0350009,ni035,Country of Birth - 8 Categories,Count,Person,Country of Birth - 8 Categories: Other countries
All PEOPLE,ni0360001,ni036,Compulsory School Age - 3 Categories,Count,Person,Compulsory School Age - 3 Categories: All PEOPLE
Below compulsory school age,ni0360002,ni036,Compulsory School Age - 3 Categories,Count,Person,Compulsory School Age - 3 Categories: Below compulsory school age
Compulsory school age,ni0360003,ni036,Compulsory School Age - 3 Categories,Count,Person,Compulsory School Age - 3 Categories: Compulsory school age
Above compulsory school age,ni0360004,ni036,Compulsory School Age - 3 Categories,Count,Person,Compulsory School Age - 3 Categories: Above compulsory school age
All PEOPLE,ni0370001,ni037,Compulsory School Age,Count,Person,Compulsory School Age: All PEOPLE
Below compulsory school age,ni0370002,ni037,Compulsory School Age,Count,Person,Compulsory School Age: Below compulsory school age
Compulsory school age - Primary school age,ni0370003,ni037,Compulsory School Age,Count,Person,Compulsory School Age: Compulsory school age - Primary school age
Compulsory school age - Post-primary school age,ni0370004,ni037,Compulsory School Age,Count,Person,Compulsory School Age: Compulsory school age - Post-primary school age
Above compulsory school age,ni0370005,ni037,Compulsory School Age,Count,Person,Compulsory School Age: Above compulsory school age
All PEOPLE,ni0400001,ni040,Dependent Child,Count,Person,Dependent Child: All PEOPLE
Not a dependent child,ni0400002,ni040,Dependent Child,Count,Person,Dependent Child: Not a dependent child
Dependent child,ni0400003,ni040,Dependent Child,Count,Person,Dependent Child: Dependent child
All PEOPLE,ni0410001,ni041,Health Problem or Disability (Long-term),Count,Person,Health Problem or Disability (Long-term): All PEOPLE
Day-to-day activities limited a lot,ni0410002,ni041,Health Problem or Disability (Long-term),Count,Person,Health Problem or Disability (Long-term): Day-to-day activities limited a lot
Day-to-day activities limited a little,ni0410003,ni041,Health Problem or Disability (Long-term),Count,Person,Health Problem or Disability (Long-term): Day-to-day activities limited a little
Day-to-day activities not limited,ni0410004,ni041,Health Problem or Disability (Long-term),Count,Person,Health Problem or Disability (Long-term): Day-to-day activities not limited
All PEOPLE,ni0420001,ni042,Health Problem or Disability (Long-term) - 2 Categories,Count,Person,Health Problem or Disability (Long-term) - 2 Categories: All PEOPLE
Day-to-day activities limited,ni0420002,ni042,Health Problem or Disability (Long-term) - 2 Categories,Count,Person,Health Problem or Disability (Long-term) - 2 Categories: Day-to-day activities limited
Day-to-day activities not limited,ni0420003,ni042,Health Problem or Disability (Long-term) - 2 Categories,Count,Person,Health Problem or Disability (Long-term) - 2 Categories: Day-to-day activities not limited
All PEOPLE,ni0430001,ni043,Place of Study (Distance),Count,Person,Place of Study (Distance): All PEOPLE
Study mainly at or from home,ni0430002,ni043,Place of Study (Distance),Count,Person,Place of Study (Distance): Study mainly at or from home
Study within Northern Ireland: Less than 2km,ni0430003,ni043,Place of Study (Distance),Count,Person,Place of Study (Distance): Study within Northern Ireland: Less than 2km
Study within Northern Ireland: 2km to less than 5km,ni0430004,ni043,Place of Study (Distance),Count,Person,Place of Study (Distance): Study within Northern Ireland: 2km to less than 5km
Study within Northern Ireland: 5km to less than 10km,ni0430005,ni043,Place of Study (Distance),Count,Person,Place of Study (Distance): Study within Northern Ireland: 5km to less than 10km
Study within Northern Ireland: 10km to less than 20km,ni0430006,ni043,Place of Study (Distance),Count,Person,Place of Study (Distance): Study within Northern Ireland: 10km to less than 20km
Study within Northern Ireland: 20km to less than 30km,ni0430007,ni043,Place of Study (Distance),Count,Person,Place of Study (Distance): Study within Northern Ireland: 20km to less than 30km
Study within Northern Ireland: 30km to less than 40km,ni0430008,ni043,Place of Study (Distance),Count,Person,Place of Study (Distance): Study within Northern Ireland: 30km to less than 40km
Study within Northern Ireland: 40km to less than 60km,ni0430009,ni043,Place of Study (Distance),Count,Person,Place of Study (Distance): Study within Northern Ireland: 40km to less than 60km
Study within Northern Ireland: 60km and over,ni0430010,ni043,Place of Study (Distance),Count,Person,Place of Study (Distance): Study within Northern Ireland: 60km and over
Study outside Northern Ireland or no fixed place of study,ni0430011,ni043,Place of Study (Distance),Count,Person,Place of Study (Distance): Study outside Northern Ireland or no fixed place of study
All PEOPLE,ni0440001,ni044,Place of Study (Distance) - 7 Categories,Count,Person,Place of Study (Distance) - 7 Categories: All PEOPLE
Study within Northern Ireland: Less than 2km,ni0440002,ni044,Place of Study (Distance) - 7 Categories,Count,Person,Place of Study (Distance) - 7 Categories: Study within Northern Ireland: Less than 2km
Study within Northern Ireland: 2km to less than 5km,ni0440003,ni044,Place of Study (Distance) - 7 Categories,Count,Person,Place of Study (Distance) - 7 Categories: Study within Northern Ireland: 2km to less than 5km
Study within Northern Ireland: 5km to less than 10km,ni0440004,ni044,Place of Study (Distance) - 7 Categories,Count,Person,Place of Study (Distance) - 7 Categories: Study within Northern Ireland: 5km to less than 10km
Study within Northern Ireland: 10km to less than 20km,ni0440005,ni044,Place of Study (Distance) - 7 Categories,Count,Person,Place of Study (Distance) - 7 Categories: Study within Northern Ireland: 10km to less than 20km
Study within Northern Ireland: 20km and over,ni0440006,ni044,Place of Study (Distance) - 7 Categories,Count,Person,Place of Study (Distance) - 7 Categories: Study within Northern Ireland: 20km and over
Study mainly at or from home; or study outside Northern Ireland or no fixed place of study,ni0440007,ni044,Place of Study (Distance) - 7 Categories,Count,Person,Place of Study (Distance) - 7 Categories: Study mainly at or from home; or study outside Northern Ireland or no fixed place of study
All PEOPLE,ni0450001,ni045,Place of Study (Distance) - 8 Categories,Count,Person,Place of Study (Distance) - 8 Categories: All PEOPLE
Study within Northern Ireland: Less than 2km,ni0450002,ni045,Place of Study (Distance) - 8 Categories,Count,Person,Place of Study (Distance) - 8 Categories: Study within Northern Ireland: Less than 2km
Study within Northern Ireland: 2km to less than 5km,ni0450003,ni045,Place of Study (Distance) - 8 Categories,Count,Person,Place of Study (Distance) - 8 Categories: Study within Northern Ireland: 2km to less than 5km
Study within Northern Ireland: 5km to less than 10km,ni0450004,ni045,Place of Study (Distance) - 8 Categories,Count,Person,Place of Study (Distance) - 8 Categories: Study within Northern Ireland: 5km to less than 10km
Study within Northern Ireland: 10km to less than 20km,ni0450005,ni045,Place of Study (Distance) - 8 Categories,Count,Person,Place of Study (Distance) - 8 Categories: Study within Northern Ireland: 10km to less than 20km
Study within Northern Ireland: 20km to less than 30km,ni0450006,ni045,Place of Study (Distance) - 8 Categories,Count,Person,Place of Study (Distance) - 8 Categories: Study within Northern Ireland: 20km to less than 30km
Study within Northern Ireland: 30km and over,ni0450007,ni045,Place of Study (Distance) - 8 Categories,Count,Person,Place of Study (Distance) - 8 Categories: Study within Northern Ireland: 30km and over
Study mainly at or from home; or study outside Northern Ireland or no fixed place of study,ni0450008,ni045,Place of Study (Distance) - 8 Categories,Count,Person,Place of Study (Distance) - 8 Categories: Study mainly at or from home; or study outside Northern Ireland or no fixed place of study
All PEOPLE,ni0460001,ni046,Place of Work (Distance) - 10 Categories,Count,Person,Place of Work (Distance) - 10 Categories: All PEOPLE
Work mainly at or from home,ni0460002,ni046,Place of Work (Distance) - 10 Categories,Count,Person,Place of Work (Distance) - 10 Categories: Work mainly at or from home
Work within Northern Ireland: Less than 2km,ni0460003,ni046,Place of Work (Distance) - 10 Categories,Count,Person,Place of Work (Distance) - 10 Categories: Work within Northern Ireland: Less than 2km
Work within Northern Ireland: 2km to less than 5km,ni0460004,ni046,Place of Work (Distance) - 10 Categories,Count,Person,Place of Work (Distance) - 10 Categories: Work within Northern Ireland: 2km to less than 5km
Work within Northern Ireland: 5km to less than 10km,ni0460005,ni046,Place of Work (Distance) - 10 Categories,Count,Person,Place of Work (Distance) - 10 Categories: Work within Northern Ireland: 5km to less than 10km
Work within Northern Ireland: 10km to less than 20km,ni0460006,ni046,Place of Work (Distance) - 10 Categories,Count,Person,Place of Work (Distance) - 10 Categories: Work within Northern Ireland: 10km to less than 20km
Work within Northern Ireland: 20km to less than 30km,ni0460007,ni046,Place of Work (Distance) - 10 Categories,Count,Person,Place of Work (Distance) - 10 Categories: Work within Northern Ireland: 20km to less than 30km
Work within Northern Ireland: 30km and over,ni0460008,ni046,Place of Work (Distance) - 10 Categories,Count,Person,Place of Work (Distance) - 10 Categories: Work within Northern Ireland: 30km and over
Work outside Northern Ireland,ni0460009,ni046,Place of Work (Distance) - 10 Categories,Count,Person,Place of Work (Distance) - 10 Categories: Work outside Northern Ireland
No fixed place of work,ni0460010,ni046,Place of Work (Distance) - 10 Categories,Count,Person,Place of Work (Distance) - 10 Categories: No fixed place of work
All PEOPLE,ni0470001,ni047,Place of Work (Distance),Count,Person,Place of Work (Distance): All PEOPLE
Work mainly at or from home,ni0470002,ni047,Place of Work (Distance),Count,Person,Place of Work (Distance): Work mainly at or from home
Work within Northern Ireland: Less than 2km,ni0470003,ni047,Place of Work (Distance),Count,Person,Place of Work (Distance): Work within Northern Ireland: Less than 2km
Work within Northern Ireland: 2km to less than 5km,ni0470004,ni047,Place of Work (Distance),Count,Person,Place of Work (Distance): Work within Northern Ireland: 2km to less than 5km
Work within Northern Ireland: 5km to less than 10km,ni0470005,ni047,Place of Work (Distance),Count,Person,Place of Work (Distance): Work within Northern Ireland: 5km to less than 10km
Work within Northern Ireland: 10km to less than 20km,ni0470006,ni047,Place of Work (Distance),Count,Person,Place of Work (Distance): Work within Northern Ireland: 10km to less than 20km
Work within Northern Ireland: 20km to less than 30km,ni0470007,ni047,Place of Work (Distance),Count,Person,Place of Work (Distance): Work within Northern Ireland: 20km to less than 30km
Work within Northern Ireland: 30km to less than 40km,ni0470008,ni047,Place of Work (Distance),Count,Person,Place of Work (Distance): Work within Northern Ireland: 30km to less than 40km
Work within Northern Ireland: 40km to less than 60km,ni0470009,ni047,Place of Work (Distance),Count,Person,Place of Work (Distance): Work within Northern Ireland: 40km to less than 60km
Work within Northern Ireland: 60km and over,ni0470010,ni047,Place of Work (Distance),Count,Person,Place of Work (Distance): Work within Northern Ireland: 60km and over
"Work outside Northern Ireland: England, Scotland or Wales",ni0470011,ni047,Place of Work (Distance),Count,Person,"Place of Work (Distance): Work outside Northern Ireland: England, Scotland or Wales"
Work outside Northern Ireland: Republic of Ireland,ni0470012,ni047,Place of Work (Distance),Count,Person,Place of Work (Distance): Work outside Northern Ireland: Republic of Ireland
Work outside the United Kingdom and Ireland,ni0470013,ni047,Place of Work (Distance),Count,Person,Place of Work (Distance): Work outside the United Kingdom and Ireland
No fixed place of work,ni0470014,ni047,Place of Work (Distance),Count,Person,Place of Work (Distance): No fixed place of work
All PEOPLE,ni0480001,ni048,Place of Work (Distance) - 8 Categories,Count,Person,Place of Work (Distance) - 8 Categories: All PEOPLE
Work mainly at or from home,ni0480002,ni048,Place of Work (Distance) - 8 Categories,Count,Person,Place of Work (Distance) - 8 Categories: Work mainly at or from home
Work within Northern Ireland: Less than 2km,ni0480003,ni048,Place of Work (Distance) - 8 Categories,Count,Person,Place of Work (Distance) - 8 Categories: Work within Northern Ireland: Less than 2km
Work within Northern Ireland: 2km to less than 5km,ni0480004,ni048,Place of Work (Distance) - 8 Categories,Count,Person,Place of Work (Distance) - 8 Categories: Work within Northern Ireland: 2km to less than 5km
Work within Northern Ireland: 5km to less than 10km,ni0480005,ni048,Place of Work (Distance) - 8 Categories,Count,Person,Place of Work (Distance) - 8 Categories: Work within Northern Ireland: 5km to less than 10km
Work within Northern Ireland: 10km to less than 20km,ni0480006,ni048,Place of Work (Distance) - 8 Categories,Count,Person,Place of Work (Distance) - 8 Categories: Work within Northern Ireland: 10km to less than 20km
Work within Northern Ireland: 20km and over,ni0480007,ni048,Place of Work (Distance) - 8 Categories,Count,Person,Place of Work (Distance) - 8 Categories: Work within Northern Ireland: 20km and over
Work outside Northern Ireland or no fixed place of work,ni0480008,ni048,Place of Work (Distance) - 8 Categories,Count,Person,Place of Work (Distance) - 8 Categories: Work outside Northern Ireland or no fixed place of work
All PEOPLE,ni0500001,ni050,Economic Activity - 12 Categories,Count,Person,Economic Activity - 12 Categories: All PEOPLE
Economically active: Economically active (excluding full-time students): Employee,ni0500002,ni050,Economic Activity - 12 Categories,Count,Person,Economic Activity - 12 Categories: Economically active: Economically active (excluding full-time students): Employee
Economically active: Economically active (excluding full-time students): Self-employed with employees,ni0500003,ni050,Economic Activity - 12 Categories,Count,Person,Economic Activity - 12 Categories: Economically active: Economically active (excluding full-time students): Self-employed with employees
Economically active: Economically active (excluding full-time students): Self-employed without employees,ni0500004,ni050,Economic Activity - 12 Categories,Count,Person,Economic Activity - 12 Categories: Economically active: Economically active (excluding full-time students): Self-employed without employees
Economically active: Economically active (excluding full-time students): Unemployed,ni0500005,ni050,Economic Activity - 12 Categories,Count,Person,Economic Activity - 12 Categories: Economically active: Economically active (excluding full-time students): Unemployed
Economically active: Full-time student: In employment,ni0500006,ni050,Economic Activity - 12 Categories,Count,Person,Economic Activity - 12 Categories: Economically active: Full-time student: In employment
Economically active: Full-time student: Unemployed,ni0500007,ni050,Economic Activity - 12 Categories,Count,Person,Economic Activity - 12 Categories: Economically active: Full-time student: Unemployed
Economically inactive: Retired,ni0500008,ni050,Economic Activity - 12 Categories,Count,Person,Economic Activity - 12 Categories: Economically inactive: Retired
Economically inactive: Student,ni0500009,ni050,Economic Activity - 12 Categories,Count,Person,Economic Activity - 12 Categories: Economically inactive: Student
Economically inactive: Looking after home or family,ni0500010,ni050,Economic Activity - 12 Categories,Count,Person,Economic Activity - 12 Categories: Economically inactive: Looking after home or family
Economically inactive: Long-term sick or disabled,ni0500011,ni050,Economic Activity - 12 Categories,Count,Person,Economic Activity - 12 Categories: Economically inactive: Long-term sick or disabled
Economically inactive: Other,ni0500012,ni050,Economic Activity - 12 Categories,Count,Person,Economic Activity - 12 Categories: Economically inactive: Other
All PEOPLE,ni0510001,ni051,Economic Activity - 3 Categories,Count,Person,Economic Activity - 3 Categories: All PEOPLE
In employment (including full-time students),ni0510002,ni051,Economic Activity - 3 Categories,Count,Person,Economic Activity - 3 Categories: In employment (including full-time students)
Not in employment,ni0510003,ni051,Economic Activity - 3 Categories,Count,Person,Economic Activity - 3 Categories: Not in employment
All PEOPLE,ni0520001,ni052,Economic Activity - 4 Categories,Count,Person,Economic Activity - 4 Categories: All PEOPLE
Economically active: In employment (including full-time students),ni0520002,ni052,Economic Activity - 4 Categories,Count,Person,Economic Activity - 4 Categories: Economically active: In employment (including full-time students)
Economically active: Unemployed (including full-time students),ni0520003,ni052,Economic Activity - 4 Categories,Count,Person,Economic Activity - 4 Categories: Economically active: Unemployed (including full-time students)
Economically inactive,ni0520004,ni052,Economic Activity - 4 Categories,Count,Person,Economic Activity - 4 Categories: Economically inactive
All PEOPLE,ni0530001,ni053,Economic Activity - 5 Categories,Count,Person,Economic Activity - 5 Categories: All PEOPLE
Economically active: Employee (including full-time students),ni0530002,ni053,Economic Activity - 5 Categories,Count,Person,Economic Activity - 5 Categories: Economically active: Employee (including full-time students)
Economically active: Self-employed (including full-time students),ni0530003,ni053,Economic Activity - 5 Categories,Count,Person,Economic Activity - 5 Categories: Economically active: Self-employed (including full-time students)
Economically active: Unemployed (including full-time students),ni0530004,ni053,Economic Activity - 5 Categories,Count,Person,Economic Activity - 5 Categories: Economically active: Unemployed (including full-time students)
Economically inactive,ni0530005,ni053,Economic Activity - 5 Categories,Count,Person,Economic Activity - 5 Categories: Economically inactive
All PEOPLE,ni0540001,ni054,Economic Activity - 9 Categories,Count,Person,Economic Activity - 9 Categories: All PEOPLE
Economically active: Employee (including full-time students),ni0540002,ni054,Economic Activity - 9 Categories,Count,Person,Economic Activity - 9 Categories: Economically active: Employee (including full-time students)
Economically active: Self-employed (including full-time students),ni0540003,ni054,Economic Activity - 9 Categories,Count,Person,Economic Activity - 9 Categories: Economically active: Self-employed (including full-time students)
Economically active: Unemployed (including full-time students),ni0540004,ni054,Economic Activity - 9 Categories,Count,Person,Economic Activity - 9 Categories: Economically active: Unemployed (including full-time students)
Economically inactive: Retired,ni0540005,ni054,Economic Activity - 9 Categories,Count,Person,Economic Activity - 9 Categories: Economically inactive: Retired
Economically inactive: Student,ni0540006,ni054,Economic Activity - 9 Categories,Count,Person,Economic Activity - 9 Categories: Economically inactive: Student
Economically inactive: Looking after home or family,ni0540007,ni054,Economic Activity - 9 Categories,Count,Person,Economic Activity - 9 Categories: Economically inactive: Looking after home or family
Economically inactive: Long-term sick or disabled,ni0540008,ni054,Economic Activity - 9 Categories,Count,Person,Economic Activity - 9 Categories: Economically inactive: Long-term sick or disabled
Economically inactive: Other,ni0540009,ni054,Economic Activity - 9 Categories,Count,Person,Economic Activity - 9 Categories: Economically inactive: Other
All PEOPLE,ni0550001,ni055,Economic Activity,Count,Person,Economic Activity: All PEOPLE
Economically active (excluding full-time students): In employment: Employee,ni0550002,ni055,Economic Activity,Count,Person,Economic Activity: Economically active (excluding full-time students): In employment: Employee
Economically active (excluding full-time students): In employment: Self-employed with employees,ni0550003,ni055,Economic Activity,Count,Person,Economic Activity: Economically active (excluding full-time students): In employment: Self-employed with employees
Economically active (excluding full-time students): In employment: Self-employed without employees,ni0550004,ni055,Economic Activity,Count,Person,Economic Activity: Economically active (excluding full-time students): In employment: Self-employed without employees
Economically active (excluding full-time students): Unemployed,ni0550005,ni055,Economic Activity,Count,Person,Economic Activity: Economically active (excluding full-time students): Unemployed
Economically active full-time students: In employment: Employee,ni0550006,ni055,Economic Activity,Count,Person,Economic Activity: Economically active full-time students: In employment: Employee
Economically active full-time students: In employment: Self-employed with employees,ni0550007,ni055,Economic Activity,Count,Person,Economic Activity: Economically active full-time students: In employment: Self-employed with employees
Economically active full-time students: In employment: Self-employed without employees,ni0550008,ni055,Economic Activity,Count,Person,Economic Activity: Economically active full-time students: In employment: Self-employed without employees
Economically active full-time students: Unemployed,ni0550009,ni055,Economic Activity,Count,Person,Economic Activity: Economically active full-time students: Unemployed
Economically inactive: Retired,ni0550010,ni055,Economic Activity,Count,Person,Economic Activity: Economically inactive: Retired
Economically inactive: Student,ni0550011,ni055,Economic Activity,Count,Person,Economic Activity: Economically inactive: Student
Economically inactive: Looking after home or family,ni0550012,ni055,Economic Activity,Count,Person,Economic Activity: Economically inactive: Looking after home or family
Economically inactive: Long-term sick or disabled,ni0550013,ni055,Economic Activity,Count,Person,Economic Activity: Economically inactive: Long-term sick or disabled
Economically inactive: Other,ni0550014,ni055,Economic Activity,Count,Person,Economic Activity: Economically inactive: Other
All PEOPLE,ni0560001,ni056,English Language Proficiency,Count,Person,English Language Proficiency: All PEOPLE
Main Language is English,ni0560002,ni056,English Language Proficiency,Count,Person,English Language Proficiency: Main Language is English
Main Language is not English: Can speak English very well,ni0560003,ni056,English Language Proficiency,Count,Person,English Language Proficiency: Main Language is not English: Can speak English very well
Main Language is not English: Can speak English well,ni0560004,ni056,English Language Proficiency,Count,Person,English Language Proficiency: Main Language is not English: Can speak English well
Main Language is not English: Cannot speak English well,ni0560005,ni056,English Language Proficiency,Count,Person,English Language Proficiency: Main Language is not English: Cannot speak English well
Main Language is not English: Cannot speak English,ni0560006,ni056,English Language Proficiency,Count,Person,English Language Proficiency: Main Language is not English: Cannot speak English
All PEOPLE,ni0570001,ni057,English Language Proficiency - 4 Categories,Count,Person,English Language Proficiency - 4 Categories: All PEOPLE
Main language is English,ni0570002,ni057,English Language Proficiency - 4 Categories,Count,Person,English Language Proficiency - 4 Categories: Main language is English
Main language is not English: Can speak English very well or well,ni0570003,ni057,English Language Proficiency - 4 Categories,Count,Person,English Language Proficiency - 4 Categories: Main language is not English: Can speak English very well or well
Main language is not English: Cannot speak English or cannot speak English well,ni0570004,ni057,English Language Proficiency - 4 Categories,Count,Person,English Language Proficiency - 4 Categories: Main language is not English: Cannot speak English or cannot speak English well
All PEOPLE,ni0580001,ni058,Ethnic Group - 2 Categories,Count,Person,Ethnic Group - 2 Categories: All PEOPLE
White,ni0580002,ni058,Ethnic Group - 2 Categories,Count,Person,Ethnic Group - 2 Categories: White
Other,ni0580003,ni058,Ethnic Group - 2 Categories,Count,Person,Ethnic Group - 2 Categories: Other
All PEOPLE,ni0590001,ni059,Ethnic Group - 5 Categories,Count,Person,Ethnic Group - 5 Categories: All PEOPLE
White,ni0590002,ni059,Ethnic Group - 5 Categories,Count,Person,Ethnic Group - 5 Categories: White
Asian,ni0590003,ni059,Ethnic Group - 5 Categories,Count,Person,Ethnic Group - 5 Categories: Asian
Black,ni0590004,ni059,Ethnic Group - 5 Categories,Count,Person,Ethnic Group - 5 Categories: Black
Mixed,ni0590005,ni059,Ethnic Group - 5 Categories,Count,Person,Ethnic Group - 5 Categories: Mixed
Other,ni0590006,ni059,Ethnic Group - 5 Categories,Count,Person,Ethnic Group - 5 Categories: Other
All PEOPLE,ni0600001,ni060,Ethnic Group,Count,Person,Ethnic Group: All PEOPLE
White,ni0600002,ni060,Ethnic Group,Count,Person,Ethnic Group: White
Irish Traveller,ni0600003,ni060,Ethnic Group,Count,Person,Ethnic Group: Irish Traveller
Roma,ni0600004,ni060,Ethnic Group,Count,Person,Ethnic Group: Roma
Indian,ni0600005,ni060,Ethnic Group,Count,Person,Ethnic Group: Indian
Chinese,ni0600006,ni060,Ethnic Group,Count,Person,Ethnic Group: Chinese
Filipino,ni0600007,ni060,Ethnic Group,Count,Person,Ethnic Group: Filipino
Pakistani,ni0600008,ni060,Ethnic Group,Count,Person,Ethnic Group: Pakistani
Arab,ni0600009,ni060,Ethnic Group,Count,Person,Ethnic Group: Arab
Other Asian,ni0600010,ni060,Ethnic Group,Count,Person,Ethnic Group: Other Asian
Black African,ni0600011,ni060,Ethnic Group,Count,Person,Ethnic Group: Black African
Black Other,ni0600012,ni060,Ethnic Group,Count,Person,Ethnic Group: Black Other
Mixed,ni0600013,ni060,Ethnic Group,Count,Person,Ethnic Group: Mixed
Other ethnicities,ni0600014,ni060,Ethnic Group,Count,Person,Ethnic Group: Other ethnicities
All PEOPLE,ni0610001,ni061,Health Condition (Autism or Asperger Syndrome),Count,Person,Health Condition (Autism or Asperger Syndrome): All PEOPLE
Has Autism or Asperger syndrome,ni0610002,ni061,Health Condition (Autism or Asperger Syndrome),Count,Person,Health Condition (Autism or Asperger Syndrome): Has Autism or Asperger syndrome
Does not have Autism or Asperger syndrome,ni0610003,ni061,Health Condition (Autism or Asperger Syndrome),Count,Person,Health Condition (Autism or Asperger Syndrome): Does not have Autism or Asperger syndrome
All PEOPLE,ni0620001,ni062,Health Condition (Sight),Count,Person,Health Condition (Sight): All PEOPLE
Has blindness or partial sight loss,ni0620002,ni062,Health Condition (Sight),Count,Person,Health Condition (Sight): Has blindness or partial sight loss
Does not have blindness or partial sight loss,ni0620003,ni062,Health Condition (Sight),Count,Person,Health Condition (Sight): Does not have blindness or partial sight loss
All PEOPLE,ni0630001,ni063,Health Condition (Breathing),Count,Person,Health Condition (Breathing): All PEOPLE
Has shortness of breath or difficulty breathing,ni0630002,ni063,Health Condition (Breathing),Count,Person,Health Condition (Breathing): Has shortness of breath or difficulty breathing
Does not have shortness of breath or difficulty breathing,ni0630003,ni063,Health Condition (Breathing),Count,Person,Health Condition (Breathing): Does not have shortness of breath or difficulty breathing
All PEOPLE,ni0640001,ni064,Health Condition (Memory),Count,Person,Health Condition (Memory): All PEOPLE
Has frequent periods of confusion or memory loss,ni0640002,ni064,Health Condition (Memory),Count,Person,Health Condition (Memory): Has frequent periods of confusion or memory loss
Does not have frequent periods of confusion or memory loss,ni0640003,ni064,Health Condition (Memory),Count,Person,Health Condition (Memory): Does not have frequent periods of confusion or memory loss
All PEOPLE,ni0650001,ni065,Health Condition (Hearing),Count,Person,Health Condition (Hearing): All PEOPLE
Has deafness or partial hearing loss,ni0650002,ni065,Health Condition (Hearing),Count,Person,Health Condition (Hearing): Has deafness or partial hearing loss
Does not have deafness or partial hearing loss,ni0650003,ni065,Health Condition (Hearing),Count,Person,Health Condition (Hearing): Does not have deafness or partial hearing loss
All PEOPLE,ni0660001,ni066,Health Condition (Intellectual or Learning Disability),Count,Person,Health Condition (Intellectual or Learning Disability): All PEOPLE
Has an intellectual or learning disability,ni0660002,ni066,Health Condition (Intellectual or Learning Disability),Count,Person,Health Condition (Intellectual or Learning Disability): Has an intellectual or learning disability
Does not have an intellectual or learning disability,ni0660003,ni066,Health Condition (Intellectual or Learning Disability),Count,Person,Health Condition (Intellectual or Learning Disability): Does not have an intellectual or learning disability
All PEOPLE,ni0670001,ni067,Health Condition (Learning Difficulty),Count,Person,Health Condition (Learning Difficulty): All PEOPLE
Has a learning difficulty,ni0670002,ni067,Health Condition (Learning Difficulty),Count,Person,Health Condition (Learning Difficulty): Has a learning difficulty
Does not have a learning difficulty,ni0670003,ni067,Health Condition (Learning Difficulty),Count,Person,Health Condition (Learning Difficulty): Does not have a learning difficulty
All PEOPLE,ni0680001,ni068,Health Condition (Pain),Count,Person,Health Condition (Pain): All PEOPLE
Has long-term pain or discomfort,ni0680002,ni068,Health Condition (Pain),Count,Person,Health Condition (Pain): Has long-term pain or discomfort
Does not have long-term pain or discomfort,ni0680003,ni068,Health Condition (Pain),Count,Person,Health Condition (Pain): Does not have long-term pain or discomfort
All PEOPLE,ni0690001,ni069,Health Condition (Emotional or Mental Health),Count,Person,Health Condition (Emotional or Mental Health): All PEOPLE
"Has an emotional, psychological or mental health condition",ni0690002,ni069,Health Condition (Emotional or Mental Health),Count,Person,"Health Condition (Emotional or Mental Health): Has an emotional, psychological or mental health condition"
"Does not have an emotional, psychological or mental health condition",ni0690003,ni069,Health Condition (Emotional or Mental Health),Count,Person,"Health Condition (Emotional or Mental Health): Does not have an emotional, psychological or mental health condition"
All PEOPLE,ni0700001,ni070,Health Condition (Mobility - Limits Physical Activity),Count,Person,Health Condition (Mobility - Limits Physical Activity): All PEOPLE
Has a mobility or dexterity difficulty that limits basic physical activities,ni0700002,ni070,Health Condition (Mobility - Limits Physical Activity),Count,Person,Health Condition (Mobility - Limits Physical Activity): Has a mobility or dexterity difficulty that limits basic physical activities
Does not have a mobility or dexterity difficulty that limits basic physical activities,ni0700003,ni070,Health Condition (Mobility - Limits Physical Activity),Count,Person,Health Condition (Mobility - Limits Physical Activity): Does not have a mobility or dexterity difficulty that limits basic physical activities
All PEOPLE,ni0710001,ni071,Health Condition (Mobility - Requires Wheelchair),Count,Person,Health Condition (Mobility - Requires Wheelchair): All PEOPLE
Has a mobility or dexterity difficulty that requires the use of a wheelchair,ni0710002,ni071,Health Condition (Mobility - Requires Wheelchair),Count,Person,Health Condition (Mobility - Requires Wheelchair): Has a mobility or dexterity difficulty that requires the use of a wheelchair
Does not have a mobility or dexterity difficulty that requires the use of a wheelchair,ni0710003,ni071,Health Condition (Mobility - Requires Wheelchair),Count,Person,Health Condition (Mobility - Requires Wheelchair): Does not have a mobility or dexterity difficulty that requires the use of a wheelchair
All PEOPLE,ni0720001,ni072,Health Conditions (Number) - 2 Categories,Count,Person,Health Conditions (Number) - 2 Categories: All PEOPLE
Does not have a long-term condition,ni0720002,ni072,Health Conditions (Number) - 2 Categories,Count,Person,Health Conditions (Number) - 2 Categories: Does not have a long-term condition
1 or more long-term health condition,ni0720003,ni072,Health Conditions (Number) - 2 Categories,Count,Person,Health Conditions (Number) - 2 Categories: 1 or more long-term health condition
All PEOPLE,ni0730001,ni073,Health Conditions (Number) - 3 Categories,Count,Person,Health Conditions (Number) - 3 Categories: All PEOPLE
Does not have a long-term condition,ni0730002,ni073,Health Conditions (Number) - 3 Categories,Count,Person,Health Conditions (Number) - 3 Categories: Does not have a long-term condition
1 long-term health condition,ni0730003,ni073,Health Conditions (Number) - 3 Categories,Count,Person,Health Conditions (Number) - 3 Categories: 1 long-term health condition
2 or more long-term health conditions,ni0730004,ni073,Health Conditions (Number) - 3 Categories,Count,Person,Health Conditions (Number) - 3 Categories: 2 or more long-term health conditions
All PEOPLE,ni0740001,ni074,Health Conditions (Number),Count,Person,Health Conditions (Number): All PEOPLE
Does not have a long-term condition,ni0740002,ni074,Health Conditions (Number),Count,Person,Health Conditions (Number): Does not have a long-term condition
1 long-term health condition,ni0740003,ni074,Health Conditions (Number),Count,Person,Health Conditions (Number): 1 long-term health condition
2 long-term health conditions,ni0740004,ni074,Health Conditions (Number),Count,Person,Health Conditions (Number): 2 long-term health conditions
3 long-term health conditions,ni0740005,ni074,Health Conditions (Number),Count,Person,Health Conditions (Number): 3 long-term health conditions
4 long-term health conditions,ni0740006,ni074,Health Conditions (Number),Count,Person,Health Conditions (Number): 4 long-term health conditions
5 or more long-term health conditions,ni0740007,ni074,Health Conditions (Number),Count,Person,Health Conditions (Number): 5 or more long-term health conditions
All PEOPLE,ni0750001,ni075,Health Condition (Other Condition),Count,Person,Health Condition (Other Condition): All PEOPLE
Has an other condition,ni0750002,ni075,Health Condition (Other Condition),Count,Person,Health Condition (Other Condition): Has an other condition
Does not have an other condition,ni0750003,ni075,Health Condition (Other Condition),Count,Person,Health Condition (Other Condition): Does not have an other condition
All PEOPLE,ni0760001,ni076,Health in General,Count,Person,Health in General: All PEOPLE
Very good health,ni0760002,ni076,Health in General,Count,Person,Health in General: Very good health
Good health,ni0760003,ni076,Health in General,Count,Person,Health in General: Good health
Fair health,ni0760004,ni076,Health in General,Count,Person,Health in General: Fair health
Bad health,ni0760005,ni076,Health in General,Count,Person,Health in General: Bad health
Very bad health,ni0760006,ni076,Health in General,Count,Person,Health in General: Very bad health
All PEOPLE,ni0770001,ni077,Health in General - 2 Categories,Count,Person,Health in General - 2 Categories: All PEOPLE
Very good or good health,ni0770002,ni077,Health in General - 2 Categories,Count,Person,Health in General - 2 Categories: Very good or good health
"Fair, bad or very bad health",ni0770003,ni077,Health in General - 2 Categories,Count,Person,"Health in General - 2 Categories: Fair, bad or very bad health"
All PEOPLE,ni0780001,ni078,Health in General - 3 Categories,Count,Person,Health in General - 3 Categories: All PEOPLE
Very good or good health,ni0780002,ni078,Health in General - 3 Categories,Count,Person,Health in General - 3 Categories: Very good or good health
Fair health,ni0780003,ni078,Health in General - 3 Categories,Count,Person,Health in General - 3 Categories: Fair health
Bad or very bad health,ni0780004,ni078,Health in General - 3 Categories,Count,Person,Health in General - 3 Categories: Bad or very bad health
All PEOPLE,ni0800001,ni080,Household: Adaptation to Accommodation - 3 Categories,Count,Person,Household: Adaptation to Accommodation - 3 Categories: All PEOPLE
Accommodation has not been designed or adapted,ni0800002,ni080,Household: Adaptation to Accommodation - 3 Categories,Count,Person,Household: Adaptation to Accommodation - 3 Categories: Accommodation has not been designed or adapted
Accommodation has been designed or adapted,ni0800003,ni080,Household: Adaptation to Accommodation - 3 Categories,Count,Person,Household: Adaptation to Accommodation - 3 Categories: Accommodation has been designed or adapted
All PEOPLE,ni0810001,ni081,Household: Adaptation to Accommodation,Count,Person,Household: Adaptation to Accommodation: All PEOPLE
Accommodation has not been designed or adapted,ni0810002,ni081,Household: Adaptation to Accommodation,Count,Person,Household: Adaptation to Accommodation: Accommodation has not been designed or adapted
One,ni0810003,ni081,Household: Adaptation to Accommodation,Count,Person,Household: Adaptation to Accommodation: One
Two,ni0810004,ni081,Household: Adaptation to Accommodation,Count,Person,Household: Adaptation to Accommodation: Two
Three,ni0810005,ni081,Household: Adaptation to Accommodation,Count,Person,Household: Adaptation to Accommodation: Three
Four or more,ni0810006,ni081,Household: Adaptation to Accommodation,Count,Person,Household: Adaptation to Accommodation: Four or more
All PEOPLE,ni0820001,ni082,Household: Car or Van Availability - 3 Categories,Count,Person,Household: Car or Van Availability - 3 Categories: All PEOPLE
No cars or vans available,ni0820002,ni082,Household: Car or Van Availability - 3 Categories,Count,Person,Household: Car or Van Availability - 3 Categories: No cars or vans available
1 or more cars or vans available,ni0820003,ni082,Household: Car or Van Availability - 3 Categories,Count,Person,Household: Car or Van Availability - 3 Categories: 1 or more cars or vans available
All PEOPLE,ni0830001,ni083,Household: Car or Van Availability - 4 Categories,Count,Person,Household: Car or Van Availability - 4 Categories: All PEOPLE
No cars or vans available,ni0830002,ni083,Household: Car or Van Availability - 4 Categories,Count,Person,Household: Car or Van Availability - 4 Categories: No cars or vans available
1 car or van available,ni0830003,ni083,Household: Car or Van Availability - 4 Categories,Count,Person,Household: Car or Van Availability - 4 Categories: 1 car or van available
2 or more cars or vans available,ni0830004,ni083,Household: Car or Van Availability - 4 Categories,Count,Person,Household: Car or Van Availability - 4 Categories: 2 or more cars or vans available
All PEOPLE,ni0840001,ni084,Household: Car or Van Availability,Count,Person,Household: Car or Van Availability: All PEOPLE
No cars or vans available,ni0840002,ni084,Household: Car or Van Availability,Count,Person,Household: Car or Van Availability: No cars or vans available
1 car or van available,ni0840003,ni084,Household: Car or Van Availability,Count,Person,Household: Car or Van Availability: 1 car or van available
2 cars or vans available,ni0840004,ni084,Household: Car or Van Availability,Count,Person,Household: Car or Van Availability: 2 cars or vans available
3 cars or vans available,ni0840005,ni084,Household: Car or Van Availability,Count,Person,Household: Car or Van Availability: 3 cars or vans available
4 cars or vans available,ni0840006,ni084,Household: Car or Van Availability,Count,Person,Household: Car or Van Availability: 4 cars or vans available
5 or more cars or vans available,ni0840007,ni084,Household: Car or Van Availability,Count,Person,Household: Car or Van Availability: 5 or more cars or vans available
All PEOPLE,ni0850001,ni085,Household: Central Heating - 11 Categories,Count,Person,Household: Central Heating - 11 Categories: All PEOPLE
Oil only,ni0850002,ni085,Household: Central Heating - 11 Categories,Count,Person,Household: Central Heating - 11 Categories: Oil only
Mains gas only,ni0850003,ni085,Household: Central Heating - 11 Categories,Count,Person,Household: Central Heating - 11 Categories: Mains gas only
Electric (for example storage heaters) only,ni0850004,ni085,Household: Central Heating - 11 Categories,Count,Person,Household: Central Heating - 11 Categories: Electric (for example storage heaters) only
Tank or bottled gas only,ni0850005,ni085,Household: Central Heating - 11 Categories,Count,Person,Household: Central Heating - 11 Categories: Tank or bottled gas only
Solid fuel (for example coal) only,ni0850006,ni085,Household: Central Heating - 11 Categories,Count,Person,Household: Central Heating - 11 Categories: Solid fuel (for example coal) only
Renewable heating system only,ni0850007,ni085,Household: Central Heating - 11 Categories,Count,Person,Household: Central Heating - 11 Categories: Renewable heating system only
Wood (for example logs or waste wood) only,ni0850008,ni085,Household: Central Heating - 11 Categories,Count,Person,Household: Central Heating - 11 Categories: Wood (for example logs or waste wood) only
Other central heating only,ni0850009,ni085,Household: Central Heating - 11 Categories,Count,Person,Household: Central Heating - 11 Categories: Other central heating only
Two or more types of central heating,ni0850010,ni085,Household: Central Heating - 11 Categories,Count,Person,Household: Central Heating - 11 Categories: Two or more types of central heating
No central heating,ni0850011,ni085,Household: Central Heating - 11 Categories,Count,Person,Household: Central Heating - 11 Categories: No central heating
All PEOPLE,ni0860001,ni086,Household: Central Heating - 4 Categories,Count,Person,Household: Central Heating - 4 Categories: All PEOPLE
One type of central heating,ni0860002,ni086,Household: Central Heating - 4 Categories,Count,Person,Household: Central Heating - 4 Categories: One type of central heating
Two or more types of central heating,ni0860003,ni086,Household: Central Heating - 4 Categories,Count,Person,Household: Central Heating - 4 Categories: Two or more types of central heating
No central heating,ni0860004,ni086,Household: Central Heating - 4 Categories,Count,Person,Household: Central Heating - 4 Categories: No central heating
All PEOPLE,ni0870001,ni087,Household: Central Heating - 5 Categories,Count,Person,Household: Central Heating - 5 Categories: All PEOPLE
Oil only,ni0870002,ni087,Household: Central Heating - 5 Categories,Count,Person,Household: Central Heating - 5 Categories: Oil only
Mains gas only,ni0870003,ni087,Household: Central Heating - 5 Categories,Count,Person,Household: Central Heating - 5 Categories: Mains gas only
Other central heating,ni0870004,ni087,Household: Central Heating - 5 Categories,Count,Person,Household: Central Heating - 5 Categories: Other central heating
No central heating,ni0870005,ni087,Household: Central Heating - 5 Categories,Count,Person,Household: Central Heating - 5 Categories: No central heating
All PEOPLE,ni0880001,ni088,Household: Central Heating - 3 Categories,Count,Person,Household: Central Heating - 3 Categories: All PEOPLE
Household does not have central heating,ni0880002,ni088,Household: Central Heating - 3 Categories,Count,Person,Household: Central Heating - 3 Categories: Household does not have central heating
Household has central heating,ni0880003,ni088,Household: Central Heating - 3 Categories,Count,Person,Household: Central Heating - 3 Categories: Household has central heating
All PEOPLE,ni0890001,ni089,Household: Central Heating,Count,Person,Household: Central Heating: All PEOPLE
One type of central heating: Oil,ni0890002,ni089,Household: Central Heating,Count,Person,Household: Central Heating: One type of central heating: Oil
One type of central heating: Mains gas,ni0890003,ni089,Household: Central Heating,Count,Person,Household: Central Heating: One type of central heating: Mains gas
One type of central heating: Electric (for example storage heaters),ni0890004,ni089,Household: Central Heating,Count,Person,Household: Central Heating: One type of central heating: Electric (for example storage heaters)
One type of central heating: Tank or bottled gas,ni0890005,ni089,Household: Central Heating,Count,Person,Household: Central Heating: One type of central heating: Tank or bottled gas
One type of central heating: Solid fuel (for example coal),ni0890006,ni089,Household: Central Heating,Count,Person,Household: Central Heating: One type of central heating: Solid fuel (for example coal)
One type of central heating: Renewable heating system,ni0890007,ni089,Household: Central Heating,Count,Person,Household: Central Heating: One type of central heating: Renewable heating system
One type of central heating: Wood (for example logs or waste wood),ni0890008,ni089,Household: Central Heating,Count,Person,Household: Central Heating: One type of central heating: Wood (for example logs or waste wood)
One type of central heating: Other,ni0890009,ni089,Household: Central Heating,Count,Person,Household: Central Heating: One type of central heating: Other
Two or more types of central heating: Oil and solid fuel (for example coal),ni0890010,ni089,Household: Central Heating,Count,Person,Household: Central Heating: Two or more types of central heating: Oil and solid fuel (for example coal)
"Two or more types of central heating: Oil, wood (for example logs or waste wood), and solid fuel (for example coal)",ni0890011,ni089,Household: Central Heating,Count,Person,"Household: Central Heating: Two or more types of central heating: Oil, wood (for example logs or waste wood), and solid fuel (for example coal)"
Two or more types of central heating: Oil and wood (for example logs or waste wood),ni0890012,ni089,Household: Central Heating,Count,Person,Household: Central Heating: Two or more types of central heating: Oil and wood (for example logs or waste wood)
Two or more types of central heating: Oil and electric (for example storage heaters),ni0890013,ni089,Household: Central Heating,Count,Person,Household: Central Heating: Two or more types of central heating: Oil and electric (for example storage heaters)
Two or more types of central heating: Mains gas and electric (for example storage heaters),ni0890014,ni089,Household: Central Heating,Count,Person,Household: Central Heating: Two or more types of central heating: Mains gas and electric (for example storage heaters)
Two or more types of central heating: Oil and tank or bottled gas,ni0890015,ni089,Household: Central Heating,Count,Person,Household: Central Heating: Two or more types of central heating: Oil and tank or bottled gas
Two or more types of central heating: Mains gas and solid fuel (for example coal),ni0890016,ni089,Household: Central Heating,Count,Person,Household: Central Heating: Two or more types of central heating: Mains gas and solid fuel (for example coal)
Two or more types of central heating: Mains gas and wood (for example logs or waste wood),ni0890017,ni089,Household: Central Heating,Count,Person,Household: Central Heating: Two or more types of central heating: Mains gas and wood (for example logs or waste wood)
"Two or more types of central heating: Oil, electric (for example storage heaters) and solid fuel (for example coal)",ni0890018,ni089,Household: Central Heating,Count,Person,"Household: Central Heating: Two or more types of central heating: Oil, electric (for example storage heaters) and solid fuel (for example coal)"
"Two or more types of central heating: Oil, electric (for example storage heaters), wood (for example logs or waste wood) and solid fuel (for example coal)",ni0890019,ni089,Household: Central Heating,Count,Person,"Household: Central Heating: Two or more types of central heating: Oil, electric (for example storage heaters), wood (for example logs or waste wood) and solid fuel (for example coal)"
"Two or more types of central heating: Mains gas, wood (for example logs or waste wood) and solid fuel (for example coal)",ni0890020,ni089,Household: Central Heating,Count,Person,"Household: Central Heating: Two or more types of central heating: Mains gas, wood (for example logs or waste wood) and solid fuel (for example coal)"
Two or more types of central heating: Oil and renewable heating system,ni0890021,ni089,Household: Central Heating,Count,Person,Household: Central Heating: Two or more types of central heating: Oil and renewable heating system
"Two or more types of central heating: Oil, tank or bottled gas and solid fuel (for example coal)",ni0890022,ni089,Household: Central Heating,Count,Person,"Household: Central Heating: Two or more types of central heating: Oil, tank or bottled gas and solid fuel (for example coal)"
Two or more types of central heating: Oil and mains gas,ni0890023,ni089,Household: Central Heating,Count,Person,Household: Central Heating: Two or more types of central heating: Oil and mains gas
Two or more types of central heating: Other combinations,ni0890024,ni089,Household: Central Heating,Count,Person,Household: Central Heating: Two or more types of central heating: Other combinations
No central heating,ni0890025,ni089,Household: Central Heating,Count,Person,Household: Central Heating: No central heating
All PEOPLE,ni0900001,ni090,Household: Dependent Children,Count,Person,Household: Dependent Children: All PEOPLE
No children in household,ni0900002,ni090,Household: Dependent Children,Count,Person,Household: Dependent Children: No children in household
No dependent children in household/All children in household non-dependent,ni0900003,ni090,Household: Dependent Children,Count,Person,Household: Dependent Children: No dependent children in household/All children in household non-dependent
One dependent child aged 0-4,ni0900004,ni090,Household: Dependent Children,Count,Person,Household: Dependent Children: One dependent child aged 0-4
One dependent child aged 5-11,ni0900005,ni090,Household: Dependent Children,Count,Person,Household: Dependent Children: One dependent child aged 5-11
One dependent child aged 12-18,ni0900006,ni090,Household: Dependent Children,Count,Person,Household: Dependent Children: One dependent child aged 12-18
"Two dependent children, youngest aged 0-4",ni0900007,ni090,Household: Dependent Children,Count,Person,"Household: Dependent Children: Two dependent children, youngest aged 0-4"
"Two dependent children, youngest aged 5-11",ni0900008,ni090,Household: Dependent Children,Count,Person,"Household: Dependent Children: Two dependent children, youngest aged 5-11"
"Two dependent children, youngest aged 12-18",ni0900009,ni090,Household: Dependent Children,Count,Person,"Household: Dependent Children: Two dependent children, youngest aged 12-18"
"Three or more dependent children, youngest aged 0-4",ni0900010,ni090,Household: Dependent Children,Count,Person,"Household: Dependent Children: Three or more dependent children, youngest aged 0-4"
"Three or more dependent children, youngest aged 5-11",ni0900011,ni090,Household: Dependent Children,Count,Person,"Household: Dependent Children: Three or more dependent children, youngest aged 5-11"
"Three or more dependent children, youngest aged 12-18",ni0900012,ni090,Household: Dependent Children,Count,Person,"Household: Dependent Children: Three or more dependent children, youngest aged 12-18"
All PEOPLE,ni0910001,ni091,Household: Dependent Children - 6 Categories A,Count,Person,Household: Dependent Children - 6 Categories A: All PEOPLE
No children in household,ni0910002,ni091,Household: Dependent Children - 6 Categories A,Count,Person,Household: Dependent Children - 6 Categories A: No children in household
No dependent children in household/All children in household non-dependent,ni0910003,ni091,Household: Dependent Children - 6 Categories A,Count,Person,Household: Dependent Children - 6 Categories A: No dependent children in household/All children in household non-dependent
Youngest dependent child: Age 0 to 4,ni0910004,ni091,Household: Dependent Children - 6 Categories A,Count,Person,Household: Dependent Children - 6 Categories A: Youngest dependent child: Age 0 to 4
Youngest dependent child: Age 5 to 11,ni0910005,ni091,Household: Dependent Children - 6 Categories A,Count,Person,Household: Dependent Children - 6 Categories A: Youngest dependent child: Age 5 to 11
Youngest dependent child: Age 12 to 18,ni0910006,ni091,Household: Dependent Children - 6 Categories A,Count,Person,Household: Dependent Children - 6 Categories A: Youngest dependent child: Age 12 to 18
All PEOPLE,ni0920001,ni092,Household: Dependent Children - 6 Categories B,Count,Person,Household: Dependent Children - 6 Categories B: All PEOPLE
No children in household,ni0920002,ni092,Household: Dependent Children - 6 Categories B,Count,Person,Household: Dependent Children - 6 Categories B: No children in household
No dependent children in household/All children in household non-dependent,ni0920003,ni092,Household: Dependent Children - 6 Categories B,Count,Person,Household: Dependent Children - 6 Categories B: No dependent children in household/All children in household non-dependent
One dependent child,ni0920004,ni092,Household: Dependent Children - 6 Categories B,Count,Person,Household: Dependent Children - 6 Categories B: One dependent child
Two dependent children,ni0920005,ni092,Household: Dependent Children - 6 Categories B,Count,Person,Household: Dependent Children - 6 Categories B: Two dependent children
Three or more dependent children,ni0920006,ni092,Household: Dependent Children - 6 Categories B,Count,Person,Household: Dependent Children - 6 Categories B: Three or more dependent children
All PEOPLE,ni0930001,ni093,Household: Dependent Children - 3 Categories,Count,Person,Household: Dependent Children - 3 Categories: All PEOPLE
No dependent children in household,ni0930002,ni093,Household: Dependent Children - 3 Categories,Count,Person,Household: Dependent Children - 3 Categories: No dependent children in household
Household with dependent children,ni0930003,ni093,Household: Dependent Children - 3 Categories,Count,Person,Household: Dependent Children - 3 Categories: Household with dependent children
All PEOPLE,ni0940001,ni094,Household Composition - 10 Categories,Count,Person,Household Composition - 10 Categories: All PEOPLE
One person household: Aged 66 and over,ni0940002,ni094,Household Composition - 10 Categories,Count,Person,Household Composition - 10 Categories: One person household: Aged 66 and over
One person household: Other,ni0940003,ni094,Household Composition - 10 Categories,Count,Person,Household Composition - 10 Categories: One person household: Other
Single family household: Couple family household: No children,ni0940004,ni094,Household Composition - 10 Categories,Count,Person,Household Composition - 10 Categories: Single family household: Couple family household: No children
Single family household: Couple family household: Dependent children,ni0940005,ni094,Household Composition - 10 Categories,Count,Person,Household Composition - 10 Categories: Single family household: Couple family household: Dependent children
Single family household: Couple family household: All children non-dependent,ni0940006,ni094,Household Composition - 10 Categories,Count,Person,Household Composition - 10 Categories: Single family household: Couple family household: All children non-dependent
Single family household: Lone parent family: With dependent children,ni0940007,ni094,Household Composition - 10 Categories,Count,Person,Household Composition - 10 Categories: Single family household: Lone parent family: With dependent children
Single family household: Lone parent family: All children non-dependent,ni0940008,ni094,Household Composition - 10 Categories,Count,Person,Household Composition - 10 Categories: Single family household: Lone parent family: All children non-dependent
Single family household: Other family composition (including all aged 66 and over),ni0940009,ni094,Household Composition - 10 Categories,Count,Person,Household Composition - 10 Categories: Single family household: Other family composition (including all aged 66 and over)
Other household types,ni0940010,ni094,Household Composition - 10 Categories,Count,Person,Household Composition - 10 Categories: Other household types
All PEOPLE,ni0970001,ni097,Household Composition - 4 Categories,Count,Person,Household Composition - 4 Categories: All PEOPLE
One person household,ni0970002,ni097,Household Composition - 4 Categories,Count,Person,Household Composition - 4 Categories: One person household
Single family household,ni0970003,ni097,Household Composition - 4 Categories,Count,Person,Household Composition - 4 Categories: Single family household
Other household types,ni0970004,ni097,Household Composition - 4 Categories,Count,Person,Household Composition - 4 Categories: Other household types
All PEOPLE,ni0980001,ni098,Household Composition - 6 Categories,Count,Person,Household Composition - 6 Categories: All PEOPLE
One person household,ni0980002,ni098,Household Composition - 6 Categories,Count,Person,Household Composition - 6 Categories: One person household
Single family household: Couple family household,ni0980003,ni098,Household Composition - 6 Categories,Count,Person,Household Composition - 6 Categories: Single family household: Couple family household
Single family household: Lone parent family,ni0980004,ni098,Household Composition - 6 Categories,Count,Person,Household Composition - 6 Categories: Single family household: Lone parent family
Single family household: Other family composition (including all aged 66 and over),ni0980005,ni098,Household Composition - 6 Categories,Count,Person,Household Composition - 6 Categories: Single family household: Other family composition (including all aged 66 and over)
Other household types,ni0980006,ni098,Household Composition - 6 Categories,Count,Person,Household Composition - 6 Categories: Other household types
All PEOPLE,ni0990001,ni099,Household: Rooms (Persons per Room),Count,Person,Household: Rooms (Persons per Room): All PEOPLE
Up to and including 0.5 persons per room,ni0990002,ni099,Household: Rooms (Persons per Room),Count,Person,Household: Rooms (Persons per Room): Up to and including 0.5 persons per room
Over 0.5 and up to and including 1.0 persons per room,ni0990003,ni099,Household: Rooms (Persons per Room),Count,Person,Household: Rooms (Persons per Room): Over 0.5 and up to and including 1.0 persons per room
Over 1.0 and up to and including 1.5 persons per room,ni0990004,ni099,Household: Rooms (Persons per Room),Count,Person,Household: Rooms (Persons per Room): Over 1.0 and up to and including 1.5 persons per room
Over 1.5 persons per room,ni0990005,ni099,Household: Rooms (Persons per Room),Count,Person,Household: Rooms (Persons per Room): Over 1.5 persons per room
All PEOPLE,ni1000001,ni100,Household Reference Person Indicator,Count,Person,Household Reference Person Indicator: All PEOPLE
Not household reference person,ni1000002,ni100,Household Reference Person Indicator,Count,Person,Household Reference Person Indicator: Not household reference person
Household reference person,ni1000003,ni100,Household Reference Person Indicator,Count,Person,Household Reference Person Indicator: Household reference person
All PEOPLE,ni1010001,ni101,Household: Renewable Energy Systems,Count,Person,Household: Renewable Energy Systems: All PEOPLE
Household does not have renewable energy systems,ni1010002,ni101,Household: Renewable Energy Systems,Count,Person,Household: Renewable Energy Systems: Household does not have renewable energy systems
Household has renewable energy systems,ni1010003,ni101,Household: Renewable Energy Systems,Count,Person,Household: Renewable Energy Systems: Household has renewable energy systems
All PEOPLE,ni1020001,ni102,Household: Size - 3 Categories,Count,Person,Household: Size - 3 Categories: All PEOPLE
Households: 1 person,ni1020002,ni102,Household: Size - 3 Categories,Count,Person,Household: Size - 3 Categories: Households: 1 person
Households: 2 or more people,ni1020003,ni102,Household: Size - 3 Categories,Count,Person,Household: Size - 3 Categories: Households: 2 or more people
All PEOPLE,ni1030001,ni103,Household: Size - 4 Categories,Count,Person,Household: Size - 4 Categories: All PEOPLE
Households: 1 person,ni1030002,ni103,Household: Size - 4 Categories,Count,Person,Household: Size - 4 Categories: Households: 1 person
Households: 2 people,ni1030003,ni103,Household: Size - 4 Categories,Count,Person,Household: Size - 4 Categories: Households: 2 people
Households: 3 or more people,ni1030004,ni103,Household: Size - 4 Categories,Count,Person,Household: Size - 4 Categories: Households: 3 or more people
All PEOPLE,ni1040001,ni104,Household: Size - 5 Categories,Count,Person,Household: Size - 5 Categories: All PEOPLE
Households: 1 person,ni1040002,ni104,Household: Size - 5 Categories,Count,Person,Household: Size - 5 Categories: Households: 1 person
Households: 2 people,ni1040003,ni104,Household: Size - 5 Categories,Count,Person,Household: Size - 5 Categories: Households: 2 people
Households: 3 people,ni1040004,ni104,Household: Size - 5 Categories,Count,Person,Household: Size - 5 Categories: Households: 3 people
Households: 4 or more people,ni1040005,ni104,Household: Size - 5 Categories,Count,Person,Household: Size - 5 Categories: Households: 4 or more people
All PEOPLE,ni1050001,ni105,Household: Size - 6 Categories,Count,Person,Household: Size - 6 Categories: All PEOPLE
Households: 1 person,ni1050002,ni105,Household: Size - 6 Categories,Count,Person,Household: Size - 6 Categories: Households: 1 person
Households: 2 people,ni1050003,ni105,Household: Size - 6 Categories,Count,Person,Household: Size - 6 Categories: Households: 2 people
Households: 3 people,ni1050004,ni105,Household: Size - 6 Categories,Count,Person,Household: Size - 6 Categories: Households: 3 people
Households: 4 people,ni1050005,ni105,Household: Size - 6 Categories,Count,Person,Household: Size - 6 Categories: Households: 4 people
Households: 5 or more people,ni1050006,ni105,Household: Size - 6 Categories,Count,Person,Household: Size - 6 Categories: Households: 5 or more people
All PEOPLE,ni1060001,ni106,Household: Size,Count,Person,Household: Size: All PEOPLE
Households: 1 person,ni1060002,ni106,Household: Size,Count,Person,Household: Size: Households: 1 person
Households: 2 people,ni1060003,ni106,Household: Size,Count,Person,Household: Size: Households: 2 people
Households: 3 people,ni1060004,ni106,Household: Size,Count,Person,Household: Size: Households: 3 people
Households: 4 people,ni1060005,ni106,Household: Size,Count,Person,Household: Size: Households: 4 people
Households: 5 people,ni1060006,ni106,Household: Size,Count,Person,Household: Size: Households: 5 people
Households: 6 or more people,ni1060007,ni106,Household: Size,Count,Person,Household: Size: Households: 6 or more people
All PEOPLE,ni1070001,ni107,Household: Tenure - 5 Categories,Count,Person,Household: Tenure - 5 Categories: All PEOPLE
Owner occupied,ni1070002,ni107,Household: Tenure - 5 Categories,Count,Person,Household: Tenure - 5 Categories: Owner occupied
Social rented,ni1070003,ni107,Household: Tenure - 5 Categories,Count,Person,Household: Tenure - 5 Categories: Social rented
Private rented,ni1070004,ni107,Household: Tenure - 5 Categories,Count,Person,Household: Tenure - 5 Categories: Private rented
Lives rent free,ni1070005,ni107,Household: Tenure - 5 Categories,Count,Person,Household: Tenure - 5 Categories: Lives rent free
All PEOPLE,ni1080001,ni108,Household: Tenure - 8 Categories,Count,Person,Household: Tenure - 8 Categories: All PEOPLE
Owner occupied: Owns outright,ni1080002,ni108,Household: Tenure - 8 Categories,Count,Person,Household: Tenure - 8 Categories: Owner occupied: Owns outright
Owner occupied: Owns with a mortgage or loan or shared ownership,ni1080003,ni108,Household: Tenure - 8 Categories,Count,Person,Household: Tenure - 8 Categories: Owner occupied: Owns with a mortgage or loan or shared ownership
Social rented: Northern Ireland Housing Executive,ni1080004,ni108,Household: Tenure - 8 Categories,Count,Person,Household: Tenure - 8 Categories: Social rented: Northern Ireland Housing Executive
Social rented: Housing association or charitable trust,ni1080005,ni108,Household: Tenure - 8 Categories,Count,Person,Household: Tenure - 8 Categories: Social rented: Housing association or charitable trust
Private rented: Private landlord or letting agency,ni1080006,ni108,Household: Tenure - 8 Categories,Count,Person,Household: Tenure - 8 Categories: Private rented: Private landlord or letting agency
Private rented: Other private rented,ni1080007,ni108,Household: Tenure - 8 Categories,Count,Person,Household: Tenure - 8 Categories: Private rented: Other private rented
Lives rent free,ni1080008,ni108,Household: Tenure - 8 Categories,Count,Person,Household: Tenure - 8 Categories: Lives rent free
All PEOPLE,ni1090001,ni109,Household: Tenure,Count,Person,Household: Tenure: All PEOPLE
Owner occupied: Owns outright,ni1090002,ni109,Household: Tenure,Count,Person,Household: Tenure: Owner occupied: Owns outright
Owner occupied: Owns with a mortgage or loan,ni1090003,ni109,Household: Tenure,Count,Person,Household: Tenure: Owner occupied: Owns with a mortgage or loan
Shared ownership: Part-owns and part-rents,ni1090004,ni109,Household: Tenure,Count,Person,Household: Tenure: Shared ownership: Part-owns and part-rents
Social rented: Northern Ireland Housing Executive,ni1090005,ni109,Household: Tenure,Count,Person,Household: Tenure: Social rented: Northern Ireland Housing Executive
Social rented: Housing association or charitable trust,ni1090006,ni109,Household: Tenure,Count,Person,Household: Tenure: Social rented: Housing association or charitable trust
Private rented: Private landlord,ni1090007,ni109,Household: Tenure,Count,Person,Household: Tenure: Private rented: Private landlord
Private rented: Letting agency,ni1090008,ni109,Household: Tenure,Count,Person,Household: Tenure: Private rented: Letting agency
Private rented: Employer of a household member,ni1090009,ni109,Household: Tenure,Count,Person,Household: Tenure: Private rented: Employer of a household member
Private rented: Relative or friend of a household member,ni1090010,ni109,Household: Tenure,Count,Person,Household: Tenure: Private rented: Relative or friend of a household member
Private rented: Other,ni1090011,ni109,Household: Tenure,Count,Person,Household: Tenure: Private rented: Other
Lives rent free,ni1090012,ni109,Household: Tenure,Count,Person,Household: Tenure: Lives rent free
All PEOPLE,ni1100001,ni110,Qualifications (Highest Level),Count,Person,Qualifications (Highest Level): All PEOPLE
No qualifications,ni1100002,ni110,Qualifications (Highest Level),Count,Person,Qualifications (Highest Level): No qualifications
"Level 1: 1 to 4 GCSEs, O levels, CSEs (any grades); 1 AS Level; NVQ level 1; or equivalent",ni1100003,ni110,Qualifications (Highest Level),Count,Person,"Qualifications (Highest Level): Level 1: 1 to 4 GCSEs, O levels, CSEs (any grades); 1 AS Level; NVQ level 1; or equivalent"
"Level 2: 5 or more GCSEs (A*-C or 9-4), O levels (passes) CSEs (grade 1); 1 A level, 2-3 AS Levels; NVQ level 2, BTEC General, City and Guilds Craft; or equivalent",ni1100004,ni110,Qualifications (Highest Level),Count,Person,"Qualifications (Highest Level): Level 2: 5 or more GCSEs (A*-C or 9-4), O levels (passes) CSEs (grade 1); 1 A level, 2-3 AS Levels; NVQ level 2, BTEC General, City and Guilds Craft; or equivalent"
Apprenticeship,ni1100005,ni110,Qualifications (Highest Level),Count,Person,Qualifications (Highest Level): Apprenticeship
"Level 3: 2 or more A Levels, 4 or more AS Levels; NVQ Level 3, BTEC National, OND, ONC, City and Guilds Advanced Craft; or equivalent",ni1100006,ni110,Qualifications (Highest Level),Count,Person,"Qualifications (Highest Level): Level 3: 2 or more A Levels, 4 or more AS Levels; NVQ Level 3, BTEC National, OND, ONC, City and Guilds Advanced Craft; or equivalent"
"Level 4 and above: Degree (BA, BSc), foundation degree, NVQ Level 4 and above, HND, HNC, professional qualifications (teaching or nursing, for example), or equivalent",ni1100007,ni110,Qualifications (Highest Level),Count,Person,"Qualifications (Highest Level): Level 4 and above: Degree (BA, BSc), foundation degree, NVQ Level 4 and above, HND, HNC, professional qualifications (teaching or nursing, for example), or equivalent"
"Other: Other qualifications, equivalent unknown",ni1100008,ni110,Qualifications (Highest Level),Count,Person,"Qualifications (Highest Level): Other: Other qualifications, equivalent unknown"
All PEOPLE,ni1110001,ni111,Qualifications (Highest Level) - 7 Categories,Count,Person,Qualifications (Highest Level) - 7 Categories: All PEOPLE
No qualifications,ni1110002,ni111,Qualifications (Highest Level) - 7 Categories,Count,Person,Qualifications (Highest Level) - 7 Categories: No qualifications
"Level 1: 1 to 4 GCSEs, O levels, CSEs (any grades); 1 AS Level; NVQ level 1; or equivalent",ni1110003,ni111,Qualifications (Highest Level) - 7 Categories,Count,Person,"Qualifications (Highest Level) - 7 Categories: Level 1: 1 to 4 GCSEs, O levels, CSEs (any grades); 1 AS Level; NVQ level 1; or equivalent"
"Level 2: 5 or more GCSEs (A*-C or 9-4), O levels (passes) CSEs (grade 1); 1 A level, 2-3 AS Levels; NVQ level 2, BTEC General, City and Guilds Craft; or equivalent",ni1110004,ni111,Qualifications (Highest Level) - 7 Categories,Count,Person,"Qualifications (Highest Level) - 7 Categories: Level 2: 5 or more GCSEs (A*-C or 9-4), O levels (passes) CSEs (grade 1); 1 A level, 2-3 AS Levels; NVQ level 2, BTEC General, City and Guilds Craft; or equivalent"
"Level 3: 2 or more A Levels, 4 or more AS Levels; NVQ Level 3, BTEC National, OND, ONC, City and Guilds Advanced Craft; or equivalent",ni1110005,ni111,Qualifications (Highest Level) - 7 Categories,Count,Person,"Qualifications (Highest Level) - 7 Categories: Level 3: 2 or more A Levels, 4 or more AS Levels; NVQ Level 3, BTEC National, OND, ONC, City and Guilds Advanced Craft; or equivalent"
"Level 4 and above: Degree (BA, BSc), foundation degree, NVQ Level 4 and above, HND, HNC, professional qualifications (teaching or nursing, for example), or equivalent",ni1110006,ni111,Qualifications (Highest Level) - 7 Categories,Count,Person,"Qualifications (Highest Level) - 7 Categories: Level 4 and above: Degree (BA, BSc), foundation degree, NVQ Level 4 and above, HND, HNC, professional qualifications (teaching or nursing, for example), or equivalent"
"Other: Apprenticeships; other qualifications, equivalent unknown",ni1110007,ni111,Qualifications (Highest Level) - 7 Categories,Count,Person,"Qualifications (Highest Level) - 7 Categories: Other: Apprenticeships; other qualifications, equivalent unknown"
All PEOPLE,ni1120001,ni112,Qualifications (Highest Level) - 3 Categories,Count,Person,Qualifications (Highest Level) - 3 Categories: All PEOPLE
No qualifications,ni1120002,ni112,Qualifications (Highest Level) - 3 Categories,Count,Person,Qualifications (Highest Level) - 3 Categories: No qualifications
Has qualifications,ni1120003,ni112,Qualifications (Highest Level) - 3 Categories,Count,Person,Qualifications (Highest Level) - 3 Categories: Has qualifications
All PEOPLE,ni1130001,ni113,Hours Worked - 3 Categories,Count,Person,Hours Worked - 3 Categories: All PEOPLE
Part-time: 30 hours or less worked per week,ni1130002,ni113,Hours Worked - 3 Categories,Count,Person,Hours Worked - 3 Categories: Part-time: 30 hours or less worked per week
Full-time: 31+ hours worked per week,ni1130003,ni113,Hours Worked - 3 Categories,Count,Person,Hours Worked - 3 Categories: Full-time: 31+ hours worked per week
All PEOPLE,ni1140001,ni114,Hours Worked,Count,Person,Hours Worked: All PEOPLE
Part-time: 15 hours or less worked per week,ni1140002,ni114,Hours Worked,Count,Person,Hours Worked: Part-time: 15 hours or less worked per week
Part-time: 16-30 hours worked per week,ni1140003,ni114,Hours Worked,Count,Person,Hours Worked: Part-time: 16-30 hours worked per week
Full-time: 31-48 hours worked per week,ni1140004,ni114,Hours Worked,Count,Person,Hours Worked: Full-time: 31-48 hours worked per week
Full-time: 49+ hours worked per week,ni1140005,ni114,Hours Worked,Count,Person,Hours Worked: Full-time: 49+ hours worked per week
All PEOPLE,ni1150001,ni115,Industry (Current) - 22 Categories,Count,Person,Industry (Current) - 22 Categories: All PEOPLE
"A Agriculture, forestry and fishing",ni1150002,ni115,Industry (Current) - 22 Categories,Count,Person,"Industry (Current) - 22 Categories: A Agriculture, forestry and fishing"
B Mining and quarrying,ni1150003,ni115,Industry (Current) - 22 Categories,Count,Person,Industry (Current) - 22 Categories: B Mining and quarrying
C Manufacturing,ni1150004,ni115,Industry (Current) - 22 Categories,Count,Person,Industry (Current) - 22 Categories: C Manufacturing
"D Electricity, gas, steam and air conditioning supply",ni1150005,ni115,Industry (Current) - 22 Categories,Count,Person,"Industry (Current) - 22 Categories: D Electricity, gas, steam and air conditioning supply"
"E Water supply; sewerage, waste management and remediation activities",ni1150006,ni115,Industry (Current) - 22 Categories,Count,Person,"Industry (Current) - 22 Categories: E Water supply; sewerage, waste management and remediation activities"
F Construction,ni1150007,ni115,Industry (Current) - 22 Categories,Count,Person,Industry (Current) - 22 Categories: F Construction
G Wholesale and retail trade; repair of motor vehicles and motor cycles,ni1150008,ni115,Industry (Current) - 22 Categories,Count,Person,Industry (Current) - 22 Categories: G Wholesale and retail trade; repair of motor vehicles and motor cycles
H Transport and storage,ni1150009,ni115,Industry (Current) - 22 Categories,Count,Person,Industry (Current) - 22 Categories: H Transport and storage
I Accommodation and food service activities,ni1150010,ni115,Industry (Current) - 22 Categories,Count,Person,Industry (Current) - 22 Categories: I Accommodation and food service activities
J Information and communication,ni1150011,ni115,Industry (Current) - 22 Categories,Count,Person,Industry (Current) - 22 Categories: J Information and communication
K Financial and insurance activities,ni1150012,ni115,Industry (Current) - 22 Categories,Count,Person,Industry (Current) - 22 Categories: K Financial and insurance activities
L Real estate activities,ni1150013,ni115,Industry (Current) - 22 Categories,Count,Person,Industry (Current) - 22 Categories: L Real estate activities
"M Professional, scientific and technical activities",ni1150014,ni115,Industry (Current) - 22 Categories,Count,Person,"Industry (Current) - 22 Categories: M Professional, scientific and technical activities"
N Administrative and support service activities,ni1150015,ni115,Industry (Current) - 22 Categories,Count,Person,Industry (Current) - 22 Categories: N Administrative and support service activities
O Public administration and defence; compulsory social security,ni1150016,ni115,Industry (Current) - 22 Categories,Count,Person,Industry (Current) - 22 Categories: O Public administration and defence; compulsory social security
P Education,ni1150017,ni115,Industry (Current) - 22 Categories,Count,Person,Industry (Current) - 22 Categories: P Education
Q Human health and social work activities,ni1150018,ni115,Industry (Current) - 22 Categories,Count,Person,Industry (Current) - 22 Categories: Q Human health and social work activities
"R Arts, entertainment and recreation",ni1150019,ni115,Industry (Current) - 22 Categories,Count,Person,"Industry (Current) - 22 Categories: R Arts, entertainment and recreation"
S Other service activities,ni1150020,ni115,Industry (Current) - 22 Categories,Count,Person,Industry (Current) - 22 Categories: S Other service activities
T Activities of household as employers; undifferentiated goods and services - producing activities of households for own use,ni1150021,ni115,Industry (Current) - 22 Categories,Count,Person,Industry (Current) - 22 Categories: T Activities of household as employers; undifferentiated goods and services - producing activities of households for own use
U Activities of extra-territorial organisations and bodies,ni1150022,ni115,Industry (Current) - 22 Categories,Count,Person,Industry (Current) - 22 Categories: U Activities of extra-territorial organisations and bodies
All PEOPLE,ni1160001,ni116,Industry (Current) - 19 Categories,Count,Person,Industry (Current) - 19 Categories: All PEOPLE
"A Agriculture, forestry and fishing",ni1160002,ni116,Industry (Current) - 19 Categories,Count,Person,"Industry (Current) - 19 Categories: A Agriculture, forestry and fishing"
B Mining and quarrying,ni1160003,ni116,Industry (Current) - 19 Categories,Count,Person,Industry (Current) - 19 Categories: B Mining and quarrying
C Manufacturing,ni1160004,ni116,Industry (Current) - 19 Categories,Count,Person,Industry (Current) - 19 Categories: C Manufacturing
"D Electricity, gas, steam and air conditioning supply",ni1160005,ni116,Industry (Current) - 19 Categories,Count,Person,"Industry (Current) - 19 Categories: D Electricity, gas, steam and air conditioning supply"
"E Water supply; sewerage, waste management and remediation activities",ni1160006,ni116,Industry (Current) - 19 Categories,Count,Person,"Industry (Current) - 19 Categories: E Water supply; sewerage, waste management and remediation activities"
F Construction,ni1160007,ni116,Industry (Current) - 19 Categories,Count,Person,Industry (Current) - 19 Categories: F Construction
G Wholesale and retail trade; repair of motor vehicles and motor cycles,ni1160008,ni116,Industry (Current) - 19 Categories,Count,Person,Industry (Current) - 19 Categories: G Wholesale and retail trade; repair of motor vehicles and motor cycles
H Transport and storage,ni1160009,ni116,Industry (Current) - 19 Categories,Count,Person,Industry (Current) - 19 Categories: H Transport and storage
I Accommodation and food service activities,ni1160010,ni116,Industry (Current) - 19 Categories,Count,Person,Industry (Current) - 19 Categories: I Accommodation and food service activities
J Information and communication,ni1160011,ni116,Industry (Current) - 19 Categories,Count,Person,Industry (Current) - 19 Categories: J Information and communication
K Financial and insurance activities,ni1160012,ni116,Industry (Current) - 19 Categories,Count,Person,Industry (Current) - 19 Categories: K Financial and insurance activities
L Real estate activities,ni1160013,ni116,Industry (Current) - 19 Categories,Count,Person,Industry (Current) - 19 Categories: L Real estate activities
"M Professional, scientific and technical activities",ni1160014,ni116,Industry (Current) - 19 Categories,Count,Person,"Industry (Current) - 19 Categories: M Professional, scientific and technical activities"
N Administrative and support service activities,ni1160015,ni116,Industry (Current) - 19 Categories,Count,Person,Industry (Current) - 19 Categories: N Administrative and support service activities
O Public administration and defence; compulsory social security,ni1160016,ni116,Industry (Current) - 19 Categories,Count,Person,Industry (Current) - 19 Categories: O Public administration and defence; compulsory social security
P Education,ni1160017,ni116,Industry (Current) - 19 Categories,Count,Person,Industry (Current) - 19 Categories: P Education
Q Human health and social work activities,ni1160018,ni116,Industry (Current) - 19 Categories,Count,Person,Industry (Current) - 19 Categories: Q Human health and social work activities
R S T U Other,ni1160019,ni116,Industry (Current) - 19 Categories,Count,Person,Industry (Current) - 19 Categories: R S T U Other
All PEOPLE,ni1170001,ni117,Industry (Current) - 16 Categories,Count,Person,Industry (Current) - 16 Categories: All PEOPLE
"A, B, D, E Agriculture, energy and water",ni1170002,ni117,Industry (Current) - 16 Categories,Count,Person,"Industry (Current) - 16 Categories: A, B, D, E Agriculture, energy and water"
C Manufacturing,ni1170003,ni117,Industry (Current) - 16 Categories,Count,Person,Industry (Current) - 16 Categories: C Manufacturing
F Construction,ni1170004,ni117,Industry (Current) - 16 Categories,Count,Person,Industry (Current) - 16 Categories: F Construction
G Wholesale and retail trade; repair of motor vehicles and motor cycles,ni1170005,ni117,Industry (Current) - 16 Categories,Count,Person,Industry (Current) - 16 Categories: G Wholesale and retail trade; repair of motor vehicles and motor cycles
H Transport and storage,ni1170006,ni117,Industry (Current) - 16 Categories,Count,Person,Industry (Current) - 16 Categories: H Transport and storage
I Accommodation and food service activities,ni1170007,ni117,Industry (Current) - 16 Categories,Count,Person,Industry (Current) - 16 Categories: I Accommodation and food service activities
J Information and communication,ni1170008,ni117,Industry (Current) - 16 Categories,Count,Person,Industry (Current) - 16 Categories: J Information and communication
K Financial and insurance activities,ni1170009,ni117,Industry (Current) - 16 Categories,Count,Person,Industry (Current) - 16 Categories: K Financial and insurance activities
L Real estate activities,ni1170010,ni117,Industry (Current) - 16 Categories,Count,Person,Industry (Current) - 16 Categories: L Real estate activities
"M Professional, scientific and technical activities",ni1170011,ni117,Industry (Current) - 16 Categories,Count,Person,"Industry (Current) - 16 Categories: M Professional, scientific and technical activities"
N Administrative and support service activities,ni1170012,ni117,Industry (Current) - 16 Categories,Count,Person,Industry (Current) - 16 Categories: N Administrative and support service activities
O Public administration and defence; compulsory social security,ni1170013,ni117,Industry (Current) - 16 Categories,Count,Person,Industry (Current) - 16 Categories: O Public administration and defence; compulsory social security
P Education,ni1170014,ni117,Industry (Current) - 16 Categories,Count,Person,Industry (Current) - 16 Categories: P Education
Q Human health and social work activities,ni1170015,ni117,Industry (Current) - 16 Categories,Count,Person,Industry (Current) - 16 Categories: Q Human health and social work activities
"R, S, T, U Other",ni1170016,ni117,Industry (Current) - 16 Categories,Count,Person,"Industry (Current) - 16 Categories: R, S, T, U Other"
All PEOPLE,ni1180001,ni118,Industry (Current) - 9 Categories,Count,Person,Industry (Current) - 9 Categories: All PEOPLE
"A, B, D, E Agriculture, energy and water",ni1180002,ni118,Industry (Current) - 9 Categories,Count,Person,"Industry (Current) - 9 Categories: A, B, D, E Agriculture, energy and water"
C Manufacturing,ni1180003,ni118,Industry (Current) - 9 Categories,Count,Person,Industry (Current) - 9 Categories: C Manufacturing
F Construction,ni1180004,ni118,Industry (Current) - 9 Categories,Count,Person,Industry (Current) - 9 Categories: F Construction
"G, I Distribution, hotels and restaurants",ni1180005,ni118,Industry (Current) - 9 Categories,Count,Person,"Industry (Current) - 9 Categories: G, I Distribution, hotels and restaurants"
"H, J Transport and communication",ni1180006,ni118,Industry (Current) - 9 Categories,Count,Person,"Industry (Current) - 9 Categories: H, J Transport and communication"
"K, L, M, N Financial, Real Estate, Professional and Administrative activities",ni1180007,ni118,Industry (Current) - 9 Categories,Count,Person,"Industry (Current) - 9 Categories: K, L, M, N Financial, Real Estate, Professional and Administrative activities"
"O, P, Q Public administration, education and health",ni1180008,ni118,Industry (Current) - 9 Categories,Count,Person,"Industry (Current) - 9 Categories: O, P, Q Public administration, education and health"
"R, S, T, U Other",ni1180009,ni118,Industry (Current) - 9 Categories,Count,Person,"Industry (Current) - 9 Categories: R, S, T, U Other"
All PEOPLE,ni1200001,ni120,Industry (Former) - 10 Categories,Count,Person,Industry (Former) - 10 Categories: All PEOPLE
"A, B, D, E Agriculture, energy and water",ni1200002,ni120,Industry (Former) - 10 Categories,Count,Person,"Industry (Former) - 10 Categories: A, B, D, E Agriculture, energy and water"
C Manufacturing,ni1200003,ni120,Industry (Former) - 10 Categories,Count,Person,Industry (Former) - 10 Categories: C Manufacturing
F Construction,ni1200004,ni120,Industry (Former) - 10 Categories,Count,Person,Industry (Former) - 10 Categories: F Construction
"G, I Distribution, hotels and restaurants",ni1200005,ni120,Industry (Former) - 10 Categories,Count,Person,"Industry (Former) - 10 Categories: G, I Distribution, hotels and restaurants"
"H, J Transport and communication",ni1200006,ni120,Industry (Former) - 10 Categories,Count,Person,"Industry (Former) - 10 Categories: H, J Transport and communication"
"K, L, M, N Financial, Real Estate, Professional and Administrative activities",ni1200007,ni120,Industry (Former) - 10 Categories,Count,Person,"Industry (Former) - 10 Categories: K, L, M, N Financial, Real Estate, Professional and Administrative activities"
"O, P, Q Public administration, education and health",ni1200008,ni120,Industry (Former) - 10 Categories,Count,Person,"Industry (Former) - 10 Categories: O, P, Q Public administration, education and health"
"R, S, T, U Other",ni1200009,ni120,Industry (Former) - 10 Categories,Count,Person,"Industry (Former) - 10 Categories: R, S, T, U Other"
Never worked,ni1200010,ni120,Industry (Former) - 10 Categories,Count,Person,Industry (Former) - 10 Categories: Never worked
All PEOPLE,ni1210001,ni121,Industry (Former),Count,Person,Industry (Former): All PEOPLE
"A, B, D, E Agriculture, energy and water",ni1210002,ni121,Industry (Former),Count,Person,"Industry (Former): A, B, D, E Agriculture, energy and water"
C Manufacturing,ni1210003,ni121,Industry (Former),Count,Person,Industry (Former): C Manufacturing
F Construction,ni1210004,ni121,Industry (Former),Count,Person,Industry (Former): F Construction
G Wholesale and retail trade; repair of motor vehicles and motor cycles,ni1210005,ni121,Industry (Former),Count,Person,Industry (Former): G Wholesale and retail trade; repair of motor vehicles and motor cycles
H Transport and storage,ni1210006,ni121,Industry (Former),Count,Person,Industry (Former): H Transport and storage
I Accommodation and food service activities,ni1210007,ni121,Industry (Former),Count,Person,Industry (Former): I Accommodation and food service activities
J Information and communication,ni1210008,ni121,Industry (Former),Count,Person,Industry (Former): J Information and communication
K Financial and insurance activities,ni1210009,ni121,Industry (Former),Count,Person,Industry (Former): K Financial and insurance activities
L Real estate activities,ni1210010,ni121,Industry (Former),Count,Person,Industry (Former): L Real estate activities
"M Professional, scientific and technical activities",ni1210011,ni121,Industry (Former),Count,Person,"Industry (Former): M Professional, scientific and technical activities"
N Administrative and support service activities,ni1210012,ni121,Industry (Former),Count,Person,Industry (Former): N Administrative and support service activities
O Public administration and defence; compulsory social security,ni1210013,ni121,Industry (Former),Count,Person,Industry (Former): O Public administration and defence; compulsory social security
P Education,ni1210014,ni121,Industry (Former),Count,Person,Industry (Former): P Education
Q Human health and social work activities,ni1210015,ni121,Industry (Former),Count,Person,Industry (Former): Q Human health and social work activities
"R, S, T, U Other",ni1210016,ni121,Industry (Former),Count,Person,"Industry (Former): R, S, T, U Other"
Never worked,ni1210017,ni121,Industry (Former),Count,Person,Industry (Former): Never worked
All PEOPLE,ni1220001,ni122,Full Time Student,Count,Person,Full Time Student: All PEOPLE
Full-time student or schoolchild,ni1220002,ni122,Full Time Student,Count,Person,Full Time Student: Full-time student or schoolchild
Not a full-time student or schoolchild,ni1220003,ni122,Full Time Student,Count,Person,Full Time Student: Not a full-time student or schoolchild
All PEOPLE,ni1230001,ni123,Irish (Ability),Count,Person,Irish (Ability): All PEOPLE
"Understands but does not read, write or speak Irish",ni1230002,ni123,Irish (Ability),Count,Person,"Irish (Ability): Understands but does not read, write or speak Irish"
Speaks but does not read or write Irish,ni1230003,ni123,Irish (Ability),Count,Person,Irish (Ability): Speaks but does not read or write Irish
Speaks and reads but does not write Irish,ni1230004,ni123,Irish (Ability),Count,Person,Irish (Ability): Speaks and reads but does not write Irish
"Speaks, reads, writes and understands Irish",ni1230005,ni123,Irish (Ability),Count,Person,"Irish (Ability): Speaks, reads, writes and understands Irish"
Other combination of skills,ni1230006,ni123,Irish (Ability),Count,Person,Irish (Ability): Other combination of skills
No ability in Irish,ni1230007,ni123,Irish (Ability),Count,Person,Irish (Ability): No ability in Irish
All PEOPLE,ni1240001,ni124,Irish (Speak Frequency),Count,Person,Irish (Speak Frequency): All PEOPLE
Can speak Irish: Speaks Irish daily,ni1240002,ni124,Irish (Speak Frequency),Count,Person,Irish (Speak Frequency): Can speak Irish: Speaks Irish daily
Can speak Irish: Speaks Irish weekly,ni1240003,ni124,Irish (Speak Frequency),Count,Person,Irish (Speak Frequency): Can speak Irish: Speaks Irish weekly
Can speak Irish: Speaks Irish less often than weekly,ni1240004,ni124,Irish (Speak Frequency),Count,Person,Irish (Speak Frequency): Can speak Irish: Speaks Irish less often than weekly
Can speak Irish: Never speaks Irish,ni1240005,ni124,Irish (Speak Frequency),Count,Person,Irish (Speak Frequency): Can speak Irish: Never speaks Irish
Cannot speak Irish,ni1240006,ni124,Irish (Speak Frequency),Count,Person,Irish (Speak Frequency): Cannot speak Irish
All PEOPLE,ni1250001,ni125,Provision of Unpaid Care,Count,Person,Provision of Unpaid Care: All PEOPLE
Provides no unpaid care,ni1250002,ni125,Provision of Unpaid Care,Count,Person,Provision of Unpaid Care: Provides no unpaid care
Provides 1-19 hours unpaid care per week,ni1250003,ni125,Provision of Unpaid Care,Count,Person,Provision of Unpaid Care: Provides 1-19 hours unpaid care per week
Provides 20-34 hours unpaid care per week,ni1250004,ni125,Provision of Unpaid Care,Count,Person,Provision of Unpaid Care: Provides 20-34 hours unpaid care per week
Provides 35-49 hours unpaid care per week,ni1250005,ni125,Provision of Unpaid Care,Count,Person,Provision of Unpaid Care: Provides 35-49 hours unpaid care per week
Provides 50+ hours unpaid care per week,ni1250006,ni125,Provision of Unpaid Care,Count,Person,Provision of Unpaid Care: Provides 50+ hours unpaid care per week
All PEOPLE,ni1260001,ni126,Provision of Unpaid Care - 5 Categories,Count,Person,Provision of Unpaid Care - 5 Categories: All PEOPLE
Provides no unpaid care,ni1260002,ni126,Provision of Unpaid Care - 5 Categories,Count,Person,Provision of Unpaid Care - 5 Categories: Provides no unpaid care
Provides 1-19 hours unpaid care per week,ni1260003,ni126,Provision of Unpaid Care - 5 Categories,Count,Person,Provision of Unpaid Care - 5 Categories: Provides 1-19 hours unpaid care per week
Provides 20-49 hours unpaid care per week,ni1260004,ni126,Provision of Unpaid Care - 5 Categories,Count,Person,Provision of Unpaid Care - 5 Categories: Provides 20-49 hours unpaid care per week
Provides 50+ hours unpaid care per week,ni1260005,ni126,Provision of Unpaid Care - 5 Categories,Count,Person,Provision of Unpaid Care - 5 Categories: Provides 50+ hours unpaid care per week
All PEOPLE,ni1270001,ni127,Provision of Unpaid Care - 3 Categories,Count,Person,Provision of Unpaid Care - 3 Categories: All PEOPLE
Provides no unpaid care,ni1270002,ni127,Provision of Unpaid Care - 3 Categories,Count,Person,Provision of Unpaid Care - 3 Categories: Provides no unpaid care
Provides 1 or more hours unpaid care per week,ni1270003,ni127,Provision of Unpaid Care - 3 Categories,Count,Person,Provision of Unpaid Care - 3 Categories: Provides 1 or more hours unpaid care per week
All PEOPLE,ni1300001,ni130,Living Arrangements,Count,Person,Living Arrangements: All PEOPLE
Living in an opposite-sex couple: Married or in a civil partnership,ni1300002,ni130,Living Arrangements,Count,Person,Living Arrangements: Living in an opposite-sex couple: Married or in a civil partnership
Living in an opposite-sex couple: Cohabiting,ni1300003,ni130,Living Arrangements,Count,Person,Living Arrangements: Living in an opposite-sex couple: Cohabiting
Living in a same-sex couple: Married or in a civil partnership,ni1300004,ni130,Living Arrangements,Count,Person,Living Arrangements: Living in a same-sex couple: Married or in a civil partnership
Living in a same-sex couple: Cohabiting,ni1300005,ni130,Living Arrangements,Count,Person,Living Arrangements: Living in a same-sex couple: Cohabiting
Not living in a couple: Single (never married or never registered a civil partnership),ni1300006,ni130,Living Arrangements,Count,Person,Living Arrangements: Not living in a couple: Single (never married or never registered a civil partnership)
Not living in a couple: Married or in a civil partnership,ni1300007,ni130,Living Arrangements,Count,Person,Living Arrangements: Not living in a couple: Married or in a civil partnership
Not living in a couple: Separated (including those who are married and those who are in civil partnerships),ni1300008,ni130,Living Arrangements,Count,Person,Living Arrangements: Not living in a couple: Separated (including those who are married and those who are in civil partnerships)
Not living in a couple: Divorced or formerly in a civil partnership which is now legally dissolved,ni1300009,ni130,Living Arrangements,Count,Person,Living Arrangements: Not living in a couple: Divorced or formerly in a civil partnership which is now legally dissolved
Not living in a couple: Widowed or surviving partner from a civil partnership,ni1300010,ni130,Living Arrangements,Count,Person,Living Arrangements: Not living in a couple: Widowed or surviving partner from a civil partnership
All PEOPLE,ni1310001,ni131,Living Arrangements - 3 Categories,Count,Person,Living Arrangements - 3 Categories: All PEOPLE
Living in a couple,ni1310002,ni131,Living Arrangements - 3 Categories,Count,Person,Living Arrangements - 3 Categories: Living in a couple
Not living in a couple,ni1310003,ni131,Living Arrangements - 3 Categories,Count,Person,Living Arrangements - 3 Categories: Not living in a couple
All PEOPLE,ni1320001,ni132,Living Arrangements - 4 Categories,Count,Person,Living Arrangements - 4 Categories: All PEOPLE
Living in a couple: Married or in a civil partnership,ni1320002,ni132,Living Arrangements - 4 Categories,Count,Person,Living Arrangements - 4 Categories: Living in a couple: Married or in a civil partnership
Living in a couple: Cohabiting,ni1320003,ni132,Living Arrangements - 4 Categories,Count,Person,Living Arrangements - 4 Categories: Living in a couple: Cohabiting
Not living in a couple,ni1320004,ni132,Living Arrangements - 4 Categories,Count,Person,Living Arrangements - 4 Categories: Not living in a couple
All PEOPLE,ni1330001,ni133,Living Arrangements - 8 Categories,Count,Person,Living Arrangements - 8 Categories: All PEOPLE
Living in a couple: Married or in a civil partnership,ni1330002,ni133,Living Arrangements - 8 Categories,Count,Person,Living Arrangements - 8 Categories: Living in a couple: Married or in a civil partnership
Living in a couple: Cohabiting,ni1330003,ni133,Living Arrangements - 8 Categories,Count,Person,Living Arrangements - 8 Categories: Living in a couple: Cohabiting
Not living in a couple: Single (never married or never registered a civil partnership),ni1330004,ni133,Living Arrangements - 8 Categories,Count,Person,Living Arrangements - 8 Categories: Not living in a couple: Single (never married or never registered a civil partnership)
Not living in a couple: Married or in a civil partnership,ni1330005,ni133,Living Arrangements - 8 Categories,Count,Person,Living Arrangements - 8 Categories: Not living in a couple: Married or in a civil partnership
Not living in a couple: Separated (including those who are married and those who are in civil partnerships),ni1330006,ni133,Living Arrangements - 8 Categories,Count,Person,Living Arrangements - 8 Categories: Not living in a couple: Separated (including those who are married and those who are in civil partnerships)
Not living in a couple: Divorced or formerly in a civil partnership which is now legally dissolved,ni1330007,ni133,Living Arrangements - 8 Categories,Count,Person,Living Arrangements - 8 Categories: Not living in a couple: Divorced or formerly in a civil partnership which is now legally dissolved
Not living in a couple: Widowed or surviving partner from a civil partnership,ni1330008,ni133,Living Arrangements - 8 Categories,Count,Person,Living Arrangements - 8 Categories: Not living in a couple: Widowed or surviving partner from a civil partnership
All PEOPLE,ni1340001,ni134,Main Language,Count,Person,Main Language: All PEOPLE
English,ni1340002,ni134,Main Language,Count,Person,Main Language: English
Polish,ni1340003,ni134,Main Language,Count,Person,Main Language: Polish
Lithuanian,ni1340004,ni134,Main Language,Count,Person,Main Language: Lithuanian
Irish,ni1340005,ni134,Main Language,Count,Person,Main Language: Irish
Romanian,ni1340006,ni134,Main Language,Count,Person,Main Language: Romanian
Portuguese,ni1340007,ni134,Main Language,Count,Person,Main Language: Portuguese
Arabic,ni1340008,ni134,Main Language,Count,Person,Main Language: Arabic
Bulgarian,ni1340009,ni134,Main Language,Count,Person,Main Language: Bulgarian
Chinese (not otherwise specified),ni1340010,ni134,Main Language,Count,Person,Main Language: Chinese (not otherwise specified)
Slovak,ni1340011,ni134,Main Language,Count,Person,Main Language: Slovak
Hungarian,ni1340012,ni134,Main Language,Count,Person,Main Language: Hungarian
Spanish,ni1340013,ni134,Main Language,Count,Person,Main Language: Spanish
Latvian,ni1340014,ni134,Main Language,Count,Person,Main Language: Latvian
Russian,ni1340015,ni134,Main Language,Count,Person,Main Language: Russian
Tetun,ni1340016,ni134,Main Language,Count,Person,Main Language: Tetun
Malayalam,ni1340017,ni134,Main Language,Count,Person,Main Language: Malayalam
Tagalog/Filipino,ni1340018,ni134,Main Language,Count,Person,Main Language: Tagalog/Filipino
Cantonese,ni1340019,ni134,Main Language,Count,Person,Main Language: Cantonese
Other languages,ni1340020,ni134,Main Language,Count,Person,Main Language: Other languages
All PEOPLE,ni1350001,ni135,Main Language - 11 Categories,Count,Person,Main Language - 11 Categories: All PEOPLE
English,ni1350002,ni135,Main Language - 11 Categories,Count,Person,Main Language - 11 Categories: English
Polish,ni1350003,ni135,Main Language - 11 Categories,Count,Person,Main Language - 11 Categories: Polish
Lithuanian,ni1350004,ni135,Main Language - 11 Categories,Count,Person,Main Language - 11 Categories: Lithuanian
Irish,ni1350005,ni135,Main Language - 11 Categories,Count,Person,Main Language - 11 Categories: Irish
Romanian,ni1350006,ni135,Main Language - 11 Categories,Count,Person,Main Language - 11 Categories: Romanian
Portuguese,ni1350007,ni135,Main Language - 11 Categories,Count,Person,Main Language - 11 Categories: Portuguese
Arabic,ni1350008,ni135,Main Language - 11 Categories,Count,Person,Main Language - 11 Categories: Arabic
Bulgarian,ni1350009,ni135,Main Language - 11 Categories,Count,Person,Main Language - 11 Categories: Bulgarian
Chinese (not otherwise specified),ni1350010,ni135,Main Language - 11 Categories,Count,Person,Main Language - 11 Categories: Chinese (not otherwise specified)
Other languages,ni1350011,ni135,Main Language - 11 Categories,Count,Person,Main Language - 11 Categories: Other languages
All PEOPLE,ni1360001,ni136,Main Language - 3 Categories,Count,Person,Main Language - 3 Categories: All PEOPLE
English,ni1360002,ni136,Main Language - 3 Categories,Count,Person,Main Language - 3 Categories: English
Other languages,ni1360003,ni136,Main Language - 3 Categories,Count,Person,Main Language - 3 Categories: Other languages
All PEOPLE,ni1370001,ni137,Marital and Civil Partnership Status,Count,Person,Marital and Civil Partnership Status: All PEOPLE
Single (never married or never registered a civil partnership),ni1370002,ni137,Marital and Civil Partnership Status,Count,Person,Marital and Civil Partnership Status: Single (never married or never registered a civil partnership)
Married,ni1370003,ni137,Marital and Civil Partnership Status,Count,Person,Marital and Civil Partnership Status: Married
In a civil partnership,ni1370004,ni137,Marital and Civil Partnership Status,Count,Person,Marital and Civil Partnership Status: In a civil partnership
Separated (but still legally married or still legally in a civil partnership),ni1370005,ni137,Marital and Civil Partnership Status,Count,Person,Marital and Civil Partnership Status: Separated (but still legally married or still legally in a civil partnership)
Divorced or formerly in a civil partnership which is now legally dissolved,ni1370006,ni137,Marital and Civil Partnership Status,Count,Person,Marital and Civil Partnership Status: Divorced or formerly in a civil partnership which is now legally dissolved
Widowed or surviving partner from a civil partnership,ni1370007,ni137,Marital and Civil Partnership Status,Count,Person,Marital and Civil Partnership Status: Widowed or surviving partner from a civil partnership
All PEOPLE,ni1380001,ni138,Marital and Civil Partnership Status - 3 Categories,Count,Person,Marital and Civil Partnership Status - 3 Categories: All PEOPLE
Married or in a civil partnership,ni1380002,ni138,Marital and Civil Partnership Status - 3 Categories,Count,Person,Marital and Civil Partnership Status - 3 Categories: Married or in a civil partnership
Other marital or civil partnership status,ni1380003,ni138,Marital and Civil Partnership Status - 3 Categories,Count,Person,Marital and Civil Partnership Status - 3 Categories: Other marital or civil partnership status
All PEOPLE,ni1390001,ni139,Marital and Civil Partnership Status - 4 Categories,Count,Person,Marital and Civil Partnership Status - 4 Categories: All PEOPLE
Single (never married or never registered a civil partnership),ni1390002,ni139,Marital and Civil Partnership Status - 4 Categories,Count,Person,Marital and Civil Partnership Status - 4 Categories: Single (never married or never registered a civil partnership)
Married or in a civil partnership,ni1390003,ni139,Marital and Civil Partnership Status - 4 Categories,Count,Person,Marital and Civil Partnership Status - 4 Categories: Married or in a civil partnership
Other marital or civil partnership status,ni1390004,ni139,Marital and Civil Partnership Status - 4 Categories,Count,Person,Marital and Civil Partnership Status - 4 Categories: Other marital or civil partnership status
All PEOPLE,ni1400001,ni140,Marital and Civil Partnership Status - 6 Categories,Count,Person,Marital and Civil Partnership Status - 6 Categories: All PEOPLE
Single (never married or never registered a civil partnership),ni1400002,ni140,Marital and Civil Partnership Status - 6 Categories,Count,Person,Marital and Civil Partnership Status - 6 Categories: Single (never married or never registered a civil partnership)
Married or in a civil partnership,ni1400003,ni140,Marital and Civil Partnership Status - 6 Categories,Count,Person,Marital and Civil Partnership Status - 6 Categories: Married or in a civil partnership
Separated (but still legally married or still legally in a civil partnership),ni1400004,ni140,Marital and Civil Partnership Status - 6 Categories,Count,Person,Marital and Civil Partnership Status - 6 Categories: Separated (but still legally married or still legally in a civil partnership)
Divorced or formerly in a civil partnership which is now legally dissolved,ni1400005,ni140,Marital and Civil Partnership Status - 6 Categories,Count,Person,Marital and Civil Partnership Status - 6 Categories: Divorced or formerly in a civil partnership which is now legally dissolved
Widowed or surviving partner from a civil partnership,ni1400006,ni140,Marital and Civil Partnership Status - 6 Categories,Count,Person,Marital and Civil Partnership Status - 6 Categories: Widowed or surviving partner from a civil partnership
All PEOPLE,ni1410001,ni141,National Identity,Count,Person,National Identity: All PEOPLE
British only,ni1410002,ni141,National Identity,Count,Person,National Identity: British only
Irish only,ni1410003,ni141,National Identity,Count,Person,National Identity: Irish only
Northern Irish only,ni1410004,ni141,National Identity,Count,Person,National Identity: Northern Irish only
British and Irish only,ni1410005,ni141,National Identity,Count,Person,National Identity: British and Irish only
British and Northern Irish only,ni1410006,ni141,National Identity,Count,Person,National Identity: British and Northern Irish only
Irish and Northern Irish only,ni1410007,ni141,National Identity,Count,Person,National Identity: Irish and Northern Irish only
"British, Irish and Northern Irish only",ni1410008,ni141,National Identity,Count,Person,"National Identity: British, Irish and Northern Irish only"
English only,ni1410009,ni141,National Identity,Count,Person,National Identity: English only
Scottish only,ni1410010,ni141,National Identity,Count,Person,National Identity: Scottish only
Welsh only,ni1410011,ni141,National Identity,Count,Person,National Identity: Welsh only
Other British/Irish/Northern Irish/English/Scottish/Welsh only,ni1410012,ni141,National Identity,Count,Person,National Identity: Other British/Irish/Northern Irish/English/Scottish/Welsh only
Other and at least one of British/Irish/Northern Irish/English/Scottish/Welsh,ni1410013,ni141,National Identity,Count,Person,National Identity: Other and at least one of British/Irish/Northern Irish/English/Scottish/Welsh
Other identity only: European: Polish,ni1410014,ni141,National Identity,Count,Person,National Identity: Other identity only: European: Polish
Other identity only: European: Lithuanian,ni1410015,ni141,National Identity,Count,Person,National Identity: Other identity only: European: Lithuanian
Other identity only: European: Romanian,ni1410016,ni141,National Identity,Count,Person,National Identity: Other identity only: European: Romanian
Other identity only: European: Portuguese,ni1410017,ni141,National Identity,Count,Person,National Identity: Other identity only: European: Portuguese
Other identity only: European: Bulgarian,ni1410018,ni141,National Identity,Count,Person,National Identity: Other identity only: European: Bulgarian
Other identity only: European: Latvian,ni1410019,ni141,National Identity,Count,Person,National Identity: Other identity only: European: Latvian
Other identity only: European: Slovakian,ni1410020,ni141,National Identity,Count,Person,National Identity: Other identity only: European: Slovakian
Other identity only: European: Hungarian,ni1410021,ni141,National Identity,Count,Person,National Identity: Other identity only: European: Hungarian
Other identity only: European: Spanish (including Canary Islander),ni1410022,ni141,National Identity,Count,Person,National Identity: Other identity only: European: Spanish (including Canary Islander)
Other identity only: European: Italian,ni1410023,ni141,National Identity,Count,Person,National Identity: Other identity only: European: Italian
Other identity only: European: Other EU,ni1410024,ni141,National Identity,Count,Person,National Identity: Other identity only: European: Other EU
Other identity only: European: Other non-EU,ni1410025,ni141,National Identity,Count,Person,National Identity: Other identity only: European: Other non-EU
Other identity only: African,ni1410026,ni141,National Identity,Count,Person,National Identity: Other identity only: African
Other identity only: Middle Eastern and Asian: Indian,ni1410027,ni141,National Identity,Count,Person,National Identity: Other identity only: Middle Eastern and Asian: Indian
Other identity only: Middle Eastern and Asian: Chinese,ni1410028,ni141,National Identity,Count,Person,National Identity: Other identity only: Middle Eastern and Asian: Chinese
Other identity only: Middle Eastern and Asian: Syrian,ni1410029,ni141,National Identity,Count,Person,National Identity: Other identity only: Middle Eastern and Asian: Syrian
Other identity only: Middle Eastern and Asian: Filipino,ni1410030,ni141,National Identity,Count,Person,National Identity: Other identity only: Middle Eastern and Asian: Filipino
Other identity only: Middle Eastern and Asian: East Timorese,ni1410031,ni141,National Identity,Count,Person,National Identity: Other identity only: Middle Eastern and Asian: East Timorese
Other identity only: Middle Eastern and Asian: Other,ni1410032,ni141,National Identity,Count,Person,National Identity: Other identity only: Middle Eastern and Asian: Other
"Other identity only: North American, Central American and Caribbean: US American",ni1410033,ni141,National Identity,Count,Person,"National Identity: Other identity only: North American, Central American and Caribbean: US American"
"Other identity only: North American, Central American and Caribbean: Other",ni1410034,ni141,National Identity,Count,Person,"National Identity: Other identity only: North American, Central American and Caribbean: Other"
Other identity only: South American,ni1410035,ni141,National Identity,Count,Person,National Identity: Other identity only: South American
Other identity only: Antarctican and Oceanian,ni1410036,ni141,National Identity,Count,Person,National Identity: Other identity only: Antarctican and Oceanian
Other identity only: Other,ni1410037,ni141,National Identity,Count,Person,National Identity: Other identity only: Other
All PEOPLE,ni1420001,ni142,National Identity - 17 Categories,Count,Person,National Identity - 17 Categories: All PEOPLE
British only,ni1420002,ni142,National Identity - 17 Categories,Count,Person,National Identity - 17 Categories: British only
Irish only,ni1420003,ni142,National Identity - 17 Categories,Count,Person,National Identity - 17 Categories: Irish only
Northern Irish only,ni1420004,ni142,National Identity - 17 Categories,Count,Person,National Identity - 17 Categories: Northern Irish only
British and Irish only,ni1420005,ni142,National Identity - 17 Categories,Count,Person,National Identity - 17 Categories: British and Irish only
British and Northern Irish only,ni1420006,ni142,National Identity - 17 Categories,Count,Person,National Identity - 17 Categories: British and Northern Irish only
Irish and Northern Irish only,ni1420007,ni142,National Identity - 17 Categories,Count,Person,National Identity - 17 Categories: Irish and Northern Irish only
"British, Irish and Northern Irish only",ni1420008,ni142,National Identity - 17 Categories,Count,Person,"National Identity - 17 Categories: British, Irish and Northern Irish only"
Other combination of British/Irish/Northern Irish/English/Scottish/Welsh only,ni1420009,ni142,National Identity - 17 Categories,Count,Person,National Identity - 17 Categories: Other combination of British/Irish/Northern Irish/English/Scottish/Welsh only
Other and at least one of British/Irish/Northern Irish/English/Scottish/Welsh,ni1420010,ni142,National Identity - 17 Categories,Count,Person,National Identity - 17 Categories: Other and at least one of British/Irish/Northern Irish/English/Scottish/Welsh
Other identity only: European: Other EU,ni1420011,ni142,National Identity - 17 Categories,Count,Person,National Identity - 17 Categories: Other identity only: European: Other EU
Other identity only: European: Other non-EU,ni1420012,ni142,National Identity - 17 Categories,Count,Person,National Identity - 17 Categories: Other identity only: European: Other non-EU
Other identity only: African,ni1420013,ni142,National Identity - 17 Categories,Count,Person,National Identity - 17 Categories: Other identity only: African
Other identity only: Middle Eastern and Asian,ni1420014,ni142,National Identity - 17 Categories,Count,Person,National Identity - 17 Categories: Other identity only: Middle Eastern and Asian
"Other identity only: North American, Central American and Caribbean",ni1420015,ni142,National Identity - 17 Categories,Count,Person,"National Identity - 17 Categories: Other identity only: North American, Central American and Caribbean"
Other identity only: South American,ni1420016,ni142,National Identity - 17 Categories,Count,Person,National Identity - 17 Categories: Other identity only: South American
Other identity only: Antarctican and Oceanian,ni1420017,ni142,National Identity - 17 Categories,Count,Person,National Identity - 17 Categories: Other identity only: Antarctican and Oceanian
Other identity only: Other,ni1420018,ni142,National Identity - 17 Categories,Count,Person,National Identity - 17 Categories: Other identity only: Other
All PEOPLE,ni1430001,ni143,National Identity - 2 Categories,Count,Person,National Identity - 2 Categories: All PEOPLE
British/Irish/Northern Irish/English/Scottish/Welsh (with or without non-UK or Irish national identities),ni1430002,ni143,National Identity - 2 Categories,Count,Person,National Identity - 2 Categories: British/Irish/Northern Irish/English/Scottish/Welsh (with or without non-UK or Irish national identities)
Other only,ni1430003,ni143,National Identity - 2 Categories,Count,Person,National Identity - 2 Categories: Other only
All PEOPLE,ni1440001,ni144,National Identity - 26 Categories,Count,Person,National Identity - 26 Categories: All PEOPLE
British only,ni1440002,ni144,National Identity - 26 Categories,Count,Person,National Identity - 26 Categories: British only
Irish only,ni1440003,ni144,National Identity - 26 Categories,Count,Person,National Identity - 26 Categories: Irish only
Northern Irish only,ni1440004,ni144,National Identity - 26 Categories,Count,Person,National Identity - 26 Categories: Northern Irish only
British and Irish only,ni1440005,ni144,National Identity - 26 Categories,Count,Person,National Identity - 26 Categories: British and Irish only
British and Northern Irish only,ni1440006,ni144,National Identity - 26 Categories,Count,Person,National Identity - 26 Categories: British and Northern Irish only
Irish and Northern Irish only,ni1440007,ni144,National Identity - 26 Categories,Count,Person,National Identity - 26 Categories: Irish and Northern Irish only
"British, Irish and Northern Irish only",ni1440008,ni144,National Identity - 26 Categories,Count,Person,"National Identity - 26 Categories: British, Irish and Northern Irish only"
English only,ni1440009,ni144,National Identity - 26 Categories,Count,Person,National Identity - 26 Categories: English only
Scottish only,ni1440010,ni144,National Identity - 26 Categories,Count,Person,National Identity - 26 Categories: Scottish only
Welsh only,ni1440011,ni144,National Identity - 26 Categories,Count,Person,National Identity - 26 Categories: Welsh only
Other combination of British/Irish/Northern Irish/English/Scottish/Welsh only,ni1440012,ni144,National Identity - 26 Categories,Count,Person,National Identity - 26 Categories: Other combination of British/Irish/Northern Irish/English/Scottish/Welsh only
Other and at least one of British/Irish/Northern Irish/English/Scottish/Welsh,ni1440013,ni144,National Identity - 26 Categories,Count,Person,National Identity - 26 Categories: Other and at least one of British/Irish/Northern Irish/English/Scottish/Welsh
Other identity only: European: Polish,ni1440014,ni144,National Identity - 26 Categories,Count,Person,National Identity - 26 Categories: Other identity only: European: Polish
Other identity only: European: Lithuanian,ni1440015,ni144,National Identity - 26 Categories,Count,Person,National Identity - 26 Categories: Other identity only: European: Lithuanian
Other identity only: European: Romanian,ni1440016,ni144,National Identity - 26 Categories,Count,Person,National Identity - 26 Categories: Other identity only: European: Romanian
Other identity only: European: Portuguese,ni1440017,ni144,National Identity - 26 Categories,Count,Person,National Identity - 26 Categories: Other identity only: European: Portuguese
Other identity only: European: Bulgarian,ni1440018,ni144,National Identity - 26 Categories,Count,Person,National Identity - 26 Categories: Other identity only: European: Bulgarian
Other identity only: European: Other EU,ni1440019,ni144,National Identity - 26 Categories,Count,Person,National Identity - 26 Categories: Other identity only: European: Other EU
Other identity only: European: Other non-EU,ni1440020,ni144,National Identity - 26 Categories,Count,Person,National Identity - 26 Categories: Other identity only: European: Other non-EU
Other identity only: African,ni1440021,ni144,National Identity - 26 Categories,Count,Person,National Identity - 26 Categories: Other identity only: African
Other identity only: Middle Eastern and Asian: Indian,ni1440022,ni144,National Identity - 26 Categories,Count,Person,National Identity - 26 Categories: Other identity only: Middle Eastern and Asian: Indian
Other identity only: Middle Eastern and Asian: Other,ni1440023,ni144,National Identity - 26 Categories,Count,Person,National Identity - 26 Categories: Other identity only: Middle Eastern and Asian: Other
"Other identity only: North American, Central American and Caribbean",ni1440024,ni144,National Identity - 26 Categories,Count,Person,"National Identity - 26 Categories: Other identity only: North American, Central American and Caribbean"
Other identity only: South American,ni1440025,ni144,National Identity - 26 Categories,Count,Person,National Identity - 26 Categories: Other identity only: South American
Other identity only: Antarctican and Oceanian,ni1440026,ni144,National Identity - 26 Categories,Count,Person,National Identity - 26 Categories: Other identity only: Antarctican and Oceanian
Other identity only: Other,ni1440027,ni144,National Identity - 26 Categories,Count,Person,National Identity - 26 Categories: Other identity only: Other
All PEOPLE,ni1450001,ni145,National Identity - 8 Categories,Count,Person,National Identity - 8 Categories: All PEOPLE
British only,ni1450002,ni145,National Identity - 8 Categories,Count,Person,National Identity - 8 Categories: British only
Irish only,ni1450003,ni145,National Identity - 8 Categories,Count,Person,National Identity - 8 Categories: Irish only
Northern Irish only,ni1450004,ni145,National Identity - 8 Categories,Count,Person,National Identity - 8 Categories: Northern Irish only
British and Irish only,ni1450005,ni145,National Identity - 8 Categories,Count,Person,National Identity - 8 Categories: British and Irish only
British and Northern Irish only,ni1450006,ni145,National Identity - 8 Categories,Count,Person,National Identity - 8 Categories: British and Northern Irish only
Irish and Northern Irish only,ni1450007,ni145,National Identity - 8 Categories,Count,Person,National Identity - 8 Categories: Irish and Northern Irish only
"British, Irish and Northern Irish only",ni1450008,ni145,National Identity - 8 Categories,Count,Person,"National Identity - 8 Categories: British, Irish and Northern Irish only"
Other,ni1450009,ni145,National Identity - 8 Categories,Count,Person,National Identity - 8 Categories: Other
All PEOPLE,ni1460001,ni146,National Identity (British),Count,Person,National Identity (British): All PEOPLE
British only identity,ni1460002,ni146,National Identity (British),Count,Person,National Identity (British): British only identity
British and any other identity,ni1460003,ni146,National Identity (British),Count,Person,National Identity (British): British and any other identity
No British identity,ni1460004,ni146,National Identity (British),Count,Person,National Identity (British): No British identity
All PEOPLE,ni1470001,ni147,National Identity (Irish),Count,Person,National Identity (Irish): All PEOPLE
Irish only identity,ni1470002,ni147,National Identity (Irish),Count,Person,National Identity (Irish): Irish only identity
Irish and any other identity,ni1470003,ni147,National Identity (Irish),Count,Person,National Identity (Irish): Irish and any other identity
No Irish identity,ni1470004,ni147,National Identity (Irish),Count,Person,National Identity (Irish): No Irish identity
All PEOPLE,ni1480001,ni148,National Identity (Northern Irish),Count,Person,National Identity (Northern Irish): All PEOPLE
Northern Irish only identity,ni1480002,ni148,National Identity (Northern Irish),Count,Person,National Identity (Northern Irish): Northern Irish only identity
Northern Irish and any other identity,ni1480003,ni148,National Identity (Northern Irish),Count,Person,National Identity (Northern Irish): Northern Irish and any other identity
No Northern Irish identity,ni1480004,ni148,National Identity (Northern Irish),Count,Person,National Identity (Northern Irish): No Northern Irish identity
All PEOPLE,ni1490001,ni149,National Statistics Socio-economic Classification,Count,Person,National Statistics Socio-economic Classification: All PEOPLE
L1: Employers in large establishments,ni1490002,ni149,National Statistics Socio-economic Classification,Count,Person,National Statistics Socio-economic Classification: L1: Employers in large establishments
L2: Higher managerial and administrative occupations,ni1490003,ni149,National Statistics Socio-economic Classification,Count,Person,National Statistics Socio-economic Classification: L2: Higher managerial and administrative occupations
L3: Higher professional occupations,ni1490004,ni149,National Statistics Socio-economic Classification,Count,Person,National Statistics Socio-economic Classification: L3: Higher professional occupations
L4: Lower professional and higher technical occupations,ni1490005,ni149,National Statistics Socio-economic Classification,Count,Person,National Statistics Socio-economic Classification: L4: Lower professional and higher technical occupations
L5: Lower managerial and administrative occupations,ni1490006,ni149,National Statistics Socio-economic Classification,Count,Person,National Statistics Socio-economic Classification: L5: Lower managerial and administrative occupations
L6: Higher supervisory occupations,ni1490007,ni149,National Statistics Socio-economic Classification,Count,Person,National Statistics Socio-economic Classification: L6: Higher supervisory occupations
L7: Intermediate occupations,ni1490008,ni149,National Statistics Socio-economic Classification,Count,Person,National Statistics Socio-economic Classification: L7: Intermediate occupations
L8: Employers in small establishments,ni1490009,ni149,National Statistics Socio-economic Classification,Count,Person,National Statistics Socio-economic Classification: L8: Employers in small establishments
L9: Own account workers,ni1490010,ni149,National Statistics Socio-economic Classification,Count,Person,National Statistics Socio-economic Classification: L9: Own account workers
L10: Lower supervisory occupations,ni1490011,ni149,National Statistics Socio-economic Classification,Count,Person,National Statistics Socio-economic Classification: L10: Lower supervisory occupations
L11: Lower technical occupations,ni1490012,ni149,National Statistics Socio-economic Classification,Count,Person,National Statistics Socio-economic Classification: L11: Lower technical occupations
L12: Semi-routine occupations,ni1490013,ni149,National Statistics Socio-economic Classification,Count,Person,National Statistics Socio-economic Classification: L12: Semi-routine occupations
L13: Routine occupations,ni1490014,ni149,National Statistics Socio-economic Classification,Count,Person,National Statistics Socio-economic Classification: L13: Routine occupations
L14.1: Never worked,ni1490015,ni149,National Statistics Socio-economic Classification,Count,Person,National Statistics Socio-economic Classification: L14.1: Never worked
L14.2: Long-term unemployed,ni1490016,ni149,National Statistics Socio-economic Classification,Count,Person,National Statistics Socio-economic Classification: L14.2: Long-term unemployed
L15: Full-time students,ni1490017,ni149,National Statistics Socio-economic Classification,Count,Person,National Statistics Socio-economic Classification: L15: Full-time students
All PEOPLE,ni1500001,ni150,National Statistics Socio-economic Classification - 10 Categories,Count,Person,National Statistics Socio-economic Classification - 10 Categories: All PEOPLE
"L1, L2, L3: Higher managerial, administrative and professional occupations",ni1500002,ni150,National Statistics Socio-economic Classification - 10 Categories,Count,Person,"National Statistics Socio-economic Classification - 10 Categories: L1, L2, L3: Higher managerial, administrative and professional occupations"
"L4, L5, L6: Lower managerial, administrative and professional occupations",ni1500003,ni150,National Statistics Socio-economic Classification - 10 Categories,Count,Person,"National Statistics Socio-economic Classification - 10 Categories: L4, L5, L6: Lower managerial, administrative and professional occupations"
L7: Intermediate occupations,ni1500004,ni150,National Statistics Socio-economic Classification - 10 Categories,Count,Person,National Statistics Socio-economic Classification - 10 Categories: L7: Intermediate occupations
"L8, L9: Small employers and own account workers",ni1500005,ni150,National Statistics Socio-economic Classification - 10 Categories,Count,Person,"National Statistics Socio-economic Classification - 10 Categories: L8, L9: Small employers and own account workers"
"L10, L11: Lower supervisory and technical occupations",ni1500006,ni150,National Statistics Socio-economic Classification - 10 Categories,Count,Person,"National Statistics Socio-economic Classification - 10 Categories: L10, L11: Lower supervisory and technical occupations"
L12: Semi-routine occupations,ni1500007,ni150,National Statistics Socio-economic Classification - 10 Categories,Count,Person,National Statistics Socio-economic Classification - 10 Categories: L12: Semi-routine occupations
L13: Routine occupations,ni1500008,ni150,National Statistics Socio-economic Classification - 10 Categories,Count,Person,National Statistics Socio-economic Classification - 10 Categories: L13: Routine occupations
"L14.1, L14.2: Never worked and long-term unemployed",ni1500009,ni150,National Statistics Socio-economic Classification - 10 Categories,Count,Person,"National Statistics Socio-economic Classification - 10 Categories: L14.1, L14.2: Never worked and long-term unemployed"
L15: Full-time students,ni1500010,ni150,National Statistics Socio-economic Classification - 10 Categories,Count,Person,National Statistics Socio-economic Classification - 10 Categories: L15: Full-time students
All PEOPLE,ni1510001,ni151,National Statistics Socio-economic Classification - 12 Categories,Count,Person,National Statistics Socio-economic Classification - 12 Categories: All PEOPLE
L1 and L2: Large employers and higher managerial and administrative occupations,ni1510002,ni151,National Statistics Socio-economic Classification - 12 Categories,Count,Person,National Statistics Socio-economic Classification - 12 Categories: L1 and L2: Large employers and higher managerial and administrative occupations
L3: Higher professional occupations,ni1510003,ni151,National Statistics Socio-economic Classification - 12 Categories,Count,Person,National Statistics Socio-economic Classification - 12 Categories: L3: Higher professional occupations
"L4, L5 and L6: Lower managerial, administrative and professional occupations",ni1510004,ni151,National Statistics Socio-economic Classification - 12 Categories,Count,Person,"National Statistics Socio-economic Classification - 12 Categories: L4, L5 and L6: Lower managerial, administrative and professional occupations"
L7: Intermediate occupations,ni1510005,ni151,National Statistics Socio-economic Classification - 12 Categories,Count,Person,National Statistics Socio-economic Classification - 12 Categories: L7: Intermediate occupations
L8 and L9: Small employers and own account workers,ni1510006,ni151,National Statistics Socio-economic Classification - 12 Categories,Count,Person,National Statistics Socio-economic Classification - 12 Categories: L8 and L9: Small employers and own account workers
L10 and L11: Lower supervisory and technical occupations,ni1510007,ni151,National Statistics Socio-economic Classification - 12 Categories,Count,Person,National Statistics Socio-economic Classification - 12 Categories: L10 and L11: Lower supervisory and technical occupations
L12: Semi-routine occupations,ni1510008,ni151,National Statistics Socio-economic Classification - 12 Categories,Count,Person,National Statistics Socio-economic Classification - 12 Categories: L12: Semi-routine occupations
L13: Routine occupations,ni1510009,ni151,National Statistics Socio-economic Classification - 12 Categories,Count,Person,National Statistics Socio-economic Classification - 12 Categories: L13: Routine occupations
L14.1: Never worked,ni1510010,ni151,National Statistics Socio-economic Classification - 12 Categories,Count,Person,National Statistics Socio-economic Classification - 12 Categories: L14.1: Never worked
L14.2: Long-term unemployed,ni1510011,ni151,National Statistics Socio-economic Classification - 12 Categories,Count,Person,National Statistics Socio-economic Classification - 12 Categories: L14.2: Long-term unemployed
L15: Full-time students,ni1510012,ni151,National Statistics Socio-economic Classification - 12 Categories,Count,Person,National Statistics Socio-economic Classification - 12 Categories: L15: Full-time students
All PEOPLE,ni1520001,ni152,Household: Rooms (Occupancy Rating) - 3 Categories,Count,Person,Household: Rooms (Occupancy Rating) - 3 Categories: All PEOPLE
Occupancy rating (rooms) of 0 or more,ni1520002,ni152,Household: Rooms (Occupancy Rating) - 3 Categories,Count,Person,Household: Rooms (Occupancy Rating) - 3 Categories: Occupancy rating (rooms) of 0 or more
Occupancy rating (rooms) of -1 or less,ni1520003,ni152,Household: Rooms (Occupancy Rating) - 3 Categories,Count,Person,Household: Rooms (Occupancy Rating) - 3 Categories: Occupancy rating (rooms) of -1 or less
All PEOPLE,ni1530001,ni153,Household: Rooms (Occupancy Rating) - 5 Categories,Count,Person,Household: Rooms (Occupancy Rating) - 5 Categories: All PEOPLE
Occupancy rating - Rooms: +2 or more,ni1530002,ni153,Household: Rooms (Occupancy Rating) - 5 Categories,Count,Person,Household: Rooms (Occupancy Rating) - 5 Categories: Occupancy rating - Rooms: +2 or more
Occupancy rating - Rooms: +1,ni1530003,ni153,Household: Rooms (Occupancy Rating) - 5 Categories,Count,Person,Household: Rooms (Occupancy Rating) - 5 Categories: Occupancy rating - Rooms: +1
Occupancy rating - Rooms: 0,ni1530004,ni153,Household: Rooms (Occupancy Rating) - 5 Categories,Count,Person,Household: Rooms (Occupancy Rating) - 5 Categories: Occupancy rating - Rooms: 0
Occupancy rating - Rooms: -1 or less,ni1530005,ni153,Household: Rooms (Occupancy Rating) - 5 Categories,Count,Person,Household: Rooms (Occupancy Rating) - 5 Categories: Occupancy rating - Rooms: -1 or less
All PEOPLE,ni1540001,ni154,Household: Rooms (Occupancy Rating),Count,Person,Household: Rooms (Occupancy Rating): All PEOPLE
Occupancy rating - Rooms: +2 or more,ni1540002,ni154,Household: Rooms (Occupancy Rating),Count,Person,Household: Rooms (Occupancy Rating): Occupancy rating - Rooms: +2 or more
Occupancy rating - Rooms: +1,ni1540003,ni154,Household: Rooms (Occupancy Rating),Count,Person,Household: Rooms (Occupancy Rating): Occupancy rating - Rooms: +1
Occupancy rating - Rooms: 0,ni1540004,ni154,Household: Rooms (Occupancy Rating),Count,Person,Household: Rooms (Occupancy Rating): Occupancy rating - Rooms: 0
Occupancy rating - Rooms: -1,ni1540005,ni154,Household: Rooms (Occupancy Rating),Count,Person,Household: Rooms (Occupancy Rating): Occupancy rating - Rooms: -1
Occupancy rating - Rooms: -2 or less,ni1540006,ni154,Household: Rooms (Occupancy Rating),Count,Person,Household: Rooms (Occupancy Rating): Occupancy rating - Rooms: -2 or less
All PEOPLE,ni1550001,ni155,Occupation (Current) - 10 Categories,Count,Person,Occupation (Current) - 10 Categories: All PEOPLE
"1 Managers, directors and senior officials",ni1550002,ni155,Occupation (Current) - 10 Categories,Count,Person,"Occupation (Current) - 10 Categories: 1 Managers, directors and senior officials"
2 Professional occupations,ni1550003,ni155,Occupation (Current) - 10 Categories,Count,Person,Occupation (Current) - 10 Categories: 2 Professional occupations
3 Associate professional and technical occupations,ni1550004,ni155,Occupation (Current) - 10 Categories,Count,Person,Occupation (Current) - 10 Categories: 3 Associate professional and technical occupations
4 Administrative and secretarial occupations,ni1550005,ni155,Occupation (Current) - 10 Categories,Count,Person,Occupation (Current) - 10 Categories: 4 Administrative and secretarial occupations
5 Skilled trades occupations,ni1550006,ni155,Occupation (Current) - 10 Categories,Count,Person,Occupation (Current) - 10 Categories: 5 Skilled trades occupations
"6 Caring, leisure and other service occupations",ni1550007,ni155,Occupation (Current) - 10 Categories,Count,Person,"Occupation (Current) - 10 Categories: 6 Caring, leisure and other service occupations"
7 Sales and customer service occupations,ni1550008,ni155,Occupation (Current) - 10 Categories,Count,Person,Occupation (Current) - 10 Categories: 7 Sales and customer service occupations
"8 Process, plant and machine operatives",ni1550009,ni155,Occupation (Current) - 10 Categories,Count,Person,"Occupation (Current) - 10 Categories: 8 Process, plant and machine operatives"
9 Elementary occupations,ni1550010,ni155,Occupation (Current) - 10 Categories,Count,Person,Occupation (Current) - 10 Categories: 9 Elementary occupations
All PEOPLE,ni1560001,ni156,Occupation (Current) - 27 Categories,Count,Person,Occupation (Current) - 27 Categories: All PEOPLE
11 Corporate managers and directors,ni1560002,ni156,Occupation (Current) - 27 Categories,Count,Person,Occupation (Current) - 27 Categories: 11 Corporate managers and directors
12 Other managers and proprietors,ni1560003,ni156,Occupation (Current) - 27 Categories,Count,Person,Occupation (Current) - 27 Categories: 12 Other managers and proprietors
"21 Science, research, engineering and technology professionals",ni1560004,ni156,Occupation (Current) - 27 Categories,Count,Person,"Occupation (Current) - 27 Categories: 21 Science, research, engineering and technology professionals"
22 Health professionals,ni1560005,ni156,Occupation (Current) - 27 Categories,Count,Person,Occupation (Current) - 27 Categories: 22 Health professionals
23 Teaching and other Educational professionals,ni1560006,ni156,Occupation (Current) - 27 Categories,Count,Person,Occupation (Current) - 27 Categories: 23 Teaching and other Educational professionals
"24 Business, media and public service professionals",ni1560007,ni156,Occupation (Current) - 27 Categories,Count,Person,"Occupation (Current) - 27 Categories: 24 Business, media and public service professionals"
"31 Science, engineering and technology associate professionals",ni1560008,ni156,Occupation (Current) - 27 Categories,Count,Person,"Occupation (Current) - 27 Categories: 31 Science, engineering and technology associate professionals"
32 Health and social care associate professionals,ni1560009,ni156,Occupation (Current) - 27 Categories,Count,Person,Occupation (Current) - 27 Categories: 32 Health and social care associate professionals
33 Protective service occupations,ni1560010,ni156,Occupation (Current) - 27 Categories,Count,Person,Occupation (Current) - 27 Categories: 33 Protective service occupations
"34 Culture, media and sports occupations",ni1560011,ni156,Occupation (Current) - 27 Categories,Count,Person,"Occupation (Current) - 27 Categories: 34 Culture, media and sports occupations"
35 Business and public service associate professionals,ni1560012,ni156,Occupation (Current) - 27 Categories,Count,Person,Occupation (Current) - 27 Categories: 35 Business and public service associate professionals
41 Administrative occupations,ni1560013,ni156,Occupation (Current) - 27 Categories,Count,Person,Occupation (Current) - 27 Categories: 41 Administrative occupations
42 Secretarial and related occupations,ni1560014,ni156,Occupation (Current) - 27 Categories,Count,Person,Occupation (Current) - 27 Categories: 42 Secretarial and related occupations
51 Skilled agricultural and related trades,ni1560015,ni156,Occupation (Current) - 27 Categories,Count,Person,Occupation (Current) - 27 Categories: 51 Skilled agricultural and related trades
"52 Skilled metal, electrical and electronic trades",ni1560016,ni156,Occupation (Current) - 27 Categories,Count,Person,"Occupation (Current) - 27 Categories: 52 Skilled metal, electrical and electronic trades"
53 Skilled construction and building trades,ni1560017,ni156,Occupation (Current) - 27 Categories,Count,Person,Occupation (Current) - 27 Categories: 53 Skilled construction and building trades
"54 Textiles, printing and other skilled trades",ni1560018,ni156,Occupation (Current) - 27 Categories,Count,Person,"Occupation (Current) - 27 Categories: 54 Textiles, printing and other skilled trades"
61 Caring personal service occupations,ni1560019,ni156,Occupation (Current) - 27 Categories,Count,Person,Occupation (Current) - 27 Categories: 61 Caring personal service occupations
"62 Leisure, travel and related personal service occupations",ni1560020,ni156,Occupation (Current) - 27 Categories,Count,Person,"Occupation (Current) - 27 Categories: 62 Leisure, travel and related personal service occupations"
63 Community and civil enforcement occupations,ni1560021,ni156,Occupation (Current) - 27 Categories,Count,Person,Occupation (Current) - 27 Categories: 63 Community and civil enforcement occupations
71 Sales occupations,ni1560022,ni156,Occupation (Current) - 27 Categories,Count,Person,Occupation (Current) - 27 Categories: 71 Sales occupations
72 Customer service occupations,ni1560023,ni156,Occupation (Current) - 27 Categories,Count,Person,Occupation (Current) - 27 Categories: 72 Customer service occupations
"81 Process, plant and machine operatives",ni1560024,ni156,Occupation (Current) - 27 Categories,Count,Person,"Occupation (Current) - 27 Categories: 81 Process, plant and machine operatives"
82 Transport and mobile machine drivers and operatives,ni1560025,ni156,Occupation (Current) - 27 Categories,Count,Person,Occupation (Current) - 27 Categories: 82 Transport and mobile machine drivers and operatives
91 Elementary trades and related occupations,ni1560026,ni156,Occupation (Current) - 27 Categories,Count,Person,Occupation (Current) - 27 Categories: 91 Elementary trades and related occupations
92 Elementary administration and service occupations,ni1560027,ni156,Occupation (Current) - 27 Categories,Count,Person,Occupation (Current) - 27 Categories: 92 Elementary administration and service occupations
All PEOPLE,ni1580001,ni158,Occupation (Former),Count,Person,Occupation (Former): All PEOPLE
"1 Managers, directors and senior officials",ni1580002,ni158,Occupation (Former),Count,Person,"Occupation (Former): 1 Managers, directors and senior officials"
2 Professional occupations,ni1580003,ni158,Occupation (Former),Count,Person,Occupation (Former): 2 Professional occupations
3 Associate professional and technical occupations,ni1580004,ni158,Occupation (Former),Count,Person,Occupation (Former): 3 Associate professional and technical occupations
4 Administrative and secretarial occupations,ni1580005,ni158,Occupation (Former),Count,Person,Occupation (Former): 4 Administrative and secretarial occupations
5 Skilled trades occupations,ni1580006,ni158,Occupation (Former),Count,Person,Occupation (Former): 5 Skilled trades occupations
"6 Caring, leisure and other service occupations",ni1580007,ni158,Occupation (Former),Count,Person,"Occupation (Former): 6 Caring, leisure and other service occupations"
7 Sales and customer service occupations,ni1580008,ni158,Occupation (Former),Count,Person,Occupation (Former): 7 Sales and customer service occupations
"8 Process, plant and machine operatives",ni1580009,ni158,Occupation (Former),Count,Person,"Occupation (Former): 8 Process, plant and machine operatives"
9 Elementary occupations,ni1580010,ni158,Occupation (Former),Count,Person,Occupation (Former): 9 Elementary occupations
Never worked,ni1580011,ni158,Occupation (Former),Count,Person,Occupation (Former): Never worked
All PEOPLE,ni1610001,ni161,Passports Held,Count,Person,Passports Held: All PEOPLE
United Kingdom only,ni1610002,ni161,Passports Held,Count,Person,Passports Held: United Kingdom only
Ireland only,ni1610003,ni161,Passports Held,Count,Person,Passports Held: Ireland only
United Kingdom and Ireland only,ni1610004,ni161,Passports Held,Count,Person,Passports Held: United Kingdom and Ireland only
United Kingdom and other (not Ireland),ni1610005,ni161,Passports Held,Count,Person,Passports Held: United Kingdom and other (not Ireland)
Ireland and other (not United Kingdom),ni1610006,ni161,Passports Held,Count,Person,Passports Held: Ireland and other (not United Kingdom)
"United Kingdom, Ireland and other",ni1610007,ni161,Passports Held,Count,Person,"Passports Held: United Kingdom, Ireland and other"
Other only: Europe: Poland,ni1610008,ni161,Passports Held,Count,Person,Passports Held: Other only: Europe: Poland
Other only: Europe: Lithuania,ni1610009,ni161,Passports Held,Count,Person,Passports Held: Other only: Europe: Lithuania
Other only: Europe: Portugal,ni1610010,ni161,Passports Held,Count,Person,Passports Held: Other only: Europe: Portugal
Other only: Europe: Romania,ni1610011,ni161,Passports Held,Count,Person,Passports Held: Other only: Europe: Romania
Other only: Europe: Bulgaria,ni1610012,ni161,Passports Held,Count,Person,Passports Held: Other only: Europe: Bulgaria
Other only: Europe: Latvia,ni1610013,ni161,Passports Held,Count,Person,Passports Held: Other only: Europe: Latvia
Other only: Europe: Slovakia,ni1610014,ni161,Passports Held,Count,Person,Passports Held: Other only: Europe: Slovakia
Other only: Europe: Hungary,ni1610015,ni161,Passports Held,Count,Person,Passports Held: Other only: Europe: Hungary
Other only: Europe: Spain,ni1610016,ni161,Passports Held,Count,Person,Passports Held: Other only: Europe: Spain
Other only: Europe: Italy,ni1610017,ni161,Passports Held,Count,Person,Passports Held: Other only: Europe: Italy
Other only: Europe: Germany,ni1610018,ni161,Passports Held,Count,Person,Passports Held: Other only: Europe: Germany
Other only: Europe: France,ni1610019,ni161,Passports Held,Count,Person,Passports Held: Other only: Europe: France
Other only: Europe: Other EU Countries,ni1610020,ni161,Passports Held,Count,Person,Passports Held: Other only: Europe: Other EU Countries
Other only: Europe: Other Non-EU Countries,ni1610021,ni161,Passports Held,Count,Person,Passports Held: Other only: Europe: Other Non-EU Countries
Other only: Africa,ni1610022,ni161,Passports Held,Count,Person,Passports Held: Other only: Africa
Other only: Middle East and Asia: India,ni1610023,ni161,Passports Held,Count,Person,Passports Held: Other only: Middle East and Asia: India
Other only: Middle East and Asia: China,ni1610024,ni161,Passports Held,Count,Person,Passports Held: Other only: Middle East and Asia: China
Other only: Middle East and Asia: Philippines,ni1610025,ni161,Passports Held,Count,Person,Passports Held: Other only: Middle East and Asia: Philippines
Other only: Middle East and Asia: Other,ni1610026,ni161,Passports Held,Count,Person,Passports Held: Other only: Middle East and Asia: Other
"Other only: North America, Central America and the Caribbean: United States",ni1610027,ni161,Passports Held,Count,Person,"Passports Held: Other only: North America, Central America and the Caribbean: United States"
"Other only: North America, Central America and the Caribbean: Other",ni1610028,ni161,Passports Held,Count,Person,"Passports Held: Other only: North America, Central America and the Caribbean: Other"
Other only: South America,ni1610029,ni161,Passports Held,Count,Person,Passports Held: Other only: South America
Other only: Antarctica and Oceania,ni1610030,ni161,Passports Held,Count,Person,Passports Held: Other only: Antarctica and Oceania
Other only: No passport,ni1610031,ni161,Passports Held,Count,Person,Passports Held: Other only: No passport
All PEOPLE,ni1620001,ni162,Passports Held - 14 Categories,Count,Person,Passports Held - 14 Categories: All PEOPLE
United Kingdom only,ni1620002,ni162,Passports Held - 14 Categories,Count,Person,Passports Held - 14 Categories: United Kingdom only
Ireland only,ni1620003,ni162,Passports Held - 14 Categories,Count,Person,Passports Held - 14 Categories: Ireland only
United Kingdom and Ireland only,ni1620004,ni162,Passports Held - 14 Categories,Count,Person,Passports Held - 14 Categories: United Kingdom and Ireland only
United Kingdom and other (not Ireland),ni1620005,ni162,Passports Held - 14 Categories,Count,Person,Passports Held - 14 Categories: United Kingdom and other (not Ireland)
Ireland and other (not United Kingdom),ni1620006,ni162,Passports Held - 14 Categories,Count,Person,Passports Held - 14 Categories: Ireland and other (not United Kingdom)
"United Kingdom, Ireland and other",ni1620007,ni162,Passports Held - 14 Categories,Count,Person,"Passports Held - 14 Categories: United Kingdom, Ireland and other"
Other only: Europe: EU Member countries,ni1620008,ni162,Passports Held - 14 Categories,Count,Person,Passports Held - 14 Categories: Other only: Europe: EU Member countries
Other only: Europe: Other Non-EU Countries,ni1620009,ni162,Passports Held - 14 Categories,Count,Person,Passports Held - 14 Categories: Other only: Europe: Other Non-EU Countries
Other only: Africa,ni1620010,ni162,Passports Held - 14 Categories,Count,Person,Passports Held - 14 Categories: Other only: Africa
Other only: Middle East and Asia,ni1620011,ni162,Passports Held - 14 Categories,Count,Person,Passports Held - 14 Categories: Other only: Middle East and Asia
"Other only: North America, Central America and the Caribbean",ni1620012,ni162,Passports Held - 14 Categories,Count,Person,"Passports Held - 14 Categories: Other only: North America, Central America and the Caribbean"
Other only: South America,ni1620013,ni162,Passports Held - 14 Categories,Count,Person,Passports Held - 14 Categories: Other only: South America
Other only: Antarctica and Oceania,ni1620014,ni162,Passports Held - 14 Categories,Count,Person,Passports Held - 14 Categories: Other only: Antarctica and Oceania
Other only: No passport,ni1620015,ni162,Passports Held - 14 Categories,Count,Person,Passports Held - 14 Categories: Other only: No passport
All PEOPLE,ni1630001,ni163,Passports Held - 18 Categories,Count,Person,Passports Held - 18 Categories: All PEOPLE
United Kingdom only,ni1630002,ni163,Passports Held - 18 Categories,Count,Person,Passports Held - 18 Categories: United Kingdom only
Ireland only,ni1630003,ni163,Passports Held - 18 Categories,Count,Person,Passports Held - 18 Categories: Ireland only
United Kingdom and Ireland only,ni1630004,ni163,Passports Held - 18 Categories,Count,Person,Passports Held - 18 Categories: United Kingdom and Ireland only
United Kingdom and other (not Ireland),ni1630005,ni163,Passports Held - 18 Categories,Count,Person,Passports Held - 18 Categories: United Kingdom and other (not Ireland)
Ireland and other (not United Kingdom),ni1630006,ni163,Passports Held - 18 Categories,Count,Person,Passports Held - 18 Categories: Ireland and other (not United Kingdom)
"United Kingdom, Ireland and other",ni1630007,ni163,Passports Held - 18 Categories,Count,Person,"Passports Held - 18 Categories: United Kingdom, Ireland and other"
Other only: Europe: Poland,ni1630008,ni163,Passports Held - 18 Categories,Count,Person,Passports Held - 18 Categories: Other only: Europe: Poland
Other only: Europe: Lithuania,ni1630009,ni163,Passports Held - 18 Categories,Count,Person,Passports Held - 18 Categories: Other only: Europe: Lithuania
Other only: Europe: Portugal,ni1630010,ni163,Passports Held - 18 Categories,Count,Person,Passports Held - 18 Categories: Other only: Europe: Portugal
Other only: Europe: Romania,ni1630011,ni163,Passports Held - 18 Categories,Count,Person,Passports Held - 18 Categories: Other only: Europe: Romania
Other only: Europe: Other EU Countries,ni1630012,ni163,Passports Held - 18 Categories,Count,Person,Passports Held - 18 Categories: Other only: Europe: Other EU Countries
Other only: Europe: Other Non-EU Countries,ni1630013,ni163,Passports Held - 18 Categories,Count,Person,Passports Held - 18 Categories: Other only: Europe: Other Non-EU Countries
Other only: Africa,ni1630014,ni163,Passports Held - 18 Categories,Count,Person,Passports Held - 18 Categories: Other only: Africa
Other only: Middle East and Asia,ni1630015,ni163,Passports Held - 18 Categories,Count,Person,Passports Held - 18 Categories: Other only: Middle East and Asia
"Other only: North America, Central America and the Caribbean",ni1630016,ni163,Passports Held - 18 Categories,Count,Person,"Passports Held - 18 Categories: Other only: North America, Central America and the Caribbean"
Other only: South America,ni1630017,ni163,Passports Held - 18 Categories,Count,Person,Passports Held - 18 Categories: Other only: South America
Other only: Antarctica and Oceania,ni1630018,ni163,Passports Held - 18 Categories,Count,Person,Passports Held - 18 Categories: Other only: Antarctica and Oceania
Other only: No passport,ni1630019,ni163,Passports Held - 18 Categories,Count,Person,Passports Held - 18 Categories: Other only: No passport
All PEOPLE,ni1640001,ni164,Passports Held - 4 Categories,Count,Person,Passports Held - 4 Categories: All PEOPLE
United Kingdom only,ni1640002,ni164,Passports Held - 4 Categories,Count,Person,Passports Held - 4 Categories: United Kingdom only
Ireland only,ni1640003,ni164,Passports Held - 4 Categories,Count,Person,Passports Held - 4 Categories: Ireland only
Other,ni1640004,ni164,Passports Held - 4 Categories,Count,Person,Passports Held - 4 Categories: Other
No passport,ni1640005,ni164,Passports Held - 4 Categories,Count,Person,Passports Held - 4 Categories: No passport
All PEOPLE,ni1650001,ni165,Passports Held - 8 Categories,Count,Person,Passports Held - 8 Categories: All PEOPLE
United Kingdom only,ni1650002,ni165,Passports Held - 8 Categories,Count,Person,Passports Held - 8 Categories: United Kingdom only
Ireland only,ni1650003,ni165,Passports Held - 8 Categories,Count,Person,Passports Held - 8 Categories: Ireland only
United Kingdom and Ireland only,ni1650004,ni165,Passports Held - 8 Categories,Count,Person,Passports Held - 8 Categories: United Kingdom and Ireland only
United Kingdom and other (not Ireland),ni1650005,ni165,Passports Held - 8 Categories,Count,Person,Passports Held - 8 Categories: United Kingdom and other (not Ireland)
Ireland and other (not United Kingdom),ni1650006,ni165,Passports Held - 8 Categories,Count,Person,Passports Held - 8 Categories: Ireland and other (not United Kingdom)
"United Kingdom, Ireland and other",ni1650007,ni165,Passports Held - 8 Categories,Count,Person,"Passports Held - 8 Categories: United Kingdom, Ireland and other"
Other only (not United Kingdom or Ireland),ni1650008,ni165,Passports Held - 8 Categories,Count,Person,Passports Held - 8 Categories: Other only (not United Kingdom or Ireland)
No passport,ni1650009,ni165,Passports Held - 8 Categories,Count,Person,Passports Held - 8 Categories: No passport
All PEOPLE,ni1660001,ni166,Passports Held - 3 Categories B,Count,Person,Passports Held - 3 Categories B: All PEOPLE
Ireland (with or without a non-Ireland passport),ni1660002,ni166,Passports Held - 3 Categories B,Count,Person,Passports Held - 3 Categories B: Ireland (with or without a non-Ireland passport)
Non-Ireland only,ni1660003,ni166,Passports Held - 3 Categories B,Count,Person,Passports Held - 3 Categories B: Non-Ireland only
No passport,ni1660004,ni166,Passports Held - 3 Categories B,Count,Person,Passports Held - 3 Categories B: No passport
All PEOPLE,ni1670001,ni167,Passports Held - 3 Categories A,Count,Person,Passports Held - 3 Categories A: All PEOPLE
United Kingdom (with or without a non-UK passport),ni1670002,ni167,Passports Held - 3 Categories A,Count,Person,Passports Held - 3 Categories A: United Kingdom (with or without a non-UK passport)
Non-UK only,ni1670003,ni167,Passports Held - 3 Categories A,Count,Person,Passports Held - 3 Categories A: Non-UK only
No passport,ni1670004,ni167,Passports Held - 3 Categories A,Count,Person,Passports Held - 3 Categories A: No passport
All PEOPLE,ni1680001,ni168,Qualifications (Apprenticeship),Count,Person,Qualifications (Apprenticeship): All PEOPLE
Does not have an apprenticeship,ni1680002,ni168,Qualifications (Apprenticeship),Count,Person,Qualifications (Apprenticeship): Does not have an apprenticeship
Has an apprenticeship,ni1680003,ni168,Qualifications (Apprenticeship),Count,Person,Qualifications (Apprenticeship): Has an apprenticeship
All PEOPLE,ni1690001,ni169,Racial Equality (The Executive Office),Count,Person,Racial Equality (The Executive Office): All PEOPLE
White ethnicity: British/Irish/Northern Irish only and Christian/no religion/religion not stated,ni1690002,ni169,Racial Equality (The Executive Office),Count,Person,Racial Equality (The Executive Office): White ethnicity: British/Irish/Northern Irish only and Christian/no religion/religion not stated
White ethnicity: all others,ni1690003,ni169,Racial Equality (The Executive Office),Count,Person,Racial Equality (The Executive Office): White ethnicity: all others
Non-white ethnicity,ni1690004,ni169,Racial Equality (The Executive Office),Count,Person,Racial Equality (The Executive Office): Non-white ethnicity
All PEOPLE,ni1710001,ni171,Religion - 4 Categories,Count,Person,Religion - 4 Categories: All PEOPLE
Catholic,ni1710002,ni171,Religion - 4 Categories,Count,Person,Religion - 4 Categories: Catholic
Protestant and Other Christian (including Christian related),ni1710003,ni171,Religion - 4 Categories,Count,Person,Religion - 4 Categories: Protestant and Other Christian (including Christian related)
Other religions,ni1710004,ni171,Religion - 4 Categories,Count,Person,Religion - 4 Categories: Other religions
No religion/religion not stated,ni1710005,ni171,Religion - 4 Categories,Count,Person,Religion - 4 Categories: No religion/religion not stated
All PEOPLE,ni1720001,ni172,Religion - 6 Categories,Count,Person,Religion - 6 Categories: All PEOPLE
Christian,ni1720002,ni172,Religion - 6 Categories,Count,Person,Religion - 6 Categories: Christian
Muslim,ni1720003,ni172,Religion - 6 Categories,Count,Person,Religion - 6 Categories: Muslim
Hindu,ni1720004,ni172,Religion - 6 Categories,Count,Person,Religion - 6 Categories: Hindu
Other religion,ni1720005,ni172,Religion - 6 Categories,Count,Person,Religion - 6 Categories: Other religion
No religion,ni1720006,ni172,Religion - 6 Categories,Count,Person,Religion - 6 Categories: No religion
Religion not stated,ni1720007,ni172,Religion - 6 Categories,Count,Person,Religion - 6 Categories: Religion not stated
All PEOPLE,ni1730001,ni173,Religion - 8 Categories,Count,Person,Religion - 8 Categories: All PEOPLE
Catholic,ni1730002,ni173,Religion - 8 Categories,Count,Person,Religion - 8 Categories: Catholic
Presbyterian Church in Ireland,ni1730003,ni173,Religion - 8 Categories,Count,Person,Religion - 8 Categories: Presbyterian Church in Ireland
Church of Ireland,ni1730004,ni173,Religion - 8 Categories,Count,Person,Religion - 8 Categories: Church of Ireland
Methodist Church in Ireland,ni1730005,ni173,Religion - 8 Categories,Count,Person,Religion - 8 Categories: Methodist Church in Ireland
Other Christian (including Christian related),ni1730006,ni173,Religion - 8 Categories,Count,Person,Religion - 8 Categories: Other Christian (including Christian related)
Other religions,ni1730007,ni173,Religion - 8 Categories,Count,Person,Religion - 8 Categories: Other religions
No religion,ni1730008,ni173,Religion - 8 Categories,Count,Person,Religion - 8 Categories: No religion
Religion not stated,ni1730009,ni173,Religion - 8 Categories,Count,Person,Religion - 8 Categories: Religion not stated
All PEOPLE,ni1750001,ni175,Religion or Religion Brought Up In,Count,Person,Religion or Religion Brought Up In: All PEOPLE
Catholic,ni1750002,ni175,Religion or Religion Brought Up In,Count,Person,Religion or Religion Brought Up In: Catholic
Protestant and Other Christian (including Christian related),ni1750003,ni175,Religion or Religion Brought Up In,Count,Person,Religion or Religion Brought Up In: Protestant and Other Christian (including Christian related)
Other religions,ni1750004,ni175,Religion or Religion Brought Up In,Count,Person,Religion or Religion Brought Up In: Other religions
None,ni1750005,ni175,Religion or Religion Brought Up In,Count,Person,Religion or Religion Brought Up In: None
All PEOPLE,ni1780001,ni178,Sexual Orientation,Count,Person,Sexual Orientation: All PEOPLE
Straight or heterosexual,ni1780002,ni178,Sexual Orientation,Count,Person,Sexual Orientation: Straight or heterosexual
"Gay, lesbian, bisexual, other sexual orientation",ni1780003,ni178,Sexual Orientation,Count,Person,"Sexual Orientation: Gay, lesbian, bisexual, other sexual orientation"
Prefer not to say/Not stated,ni1780004,ni178,Sexual Orientation,Count,Person,Sexual Orientation: Prefer not to say/Not stated
All PEOPLE,ni1790001,ni179,Approximated Social Grade,Count,Person,Approximated Social Grade: All PEOPLE
"AB: Higher and intermediate managerial, administrative and professional occupations",ni1790002,ni179,Approximated Social Grade,Count,Person,"Approximated Social Grade: AB: Higher and intermediate managerial, administrative and professional occupations"
"C1: Supervisory, clerical, and junior managerial, administrative and professional occupations",ni1790003,ni179,Approximated Social Grade,Count,Person,"Approximated Social Grade: C1: Supervisory, clerical, and junior managerial, administrative and professional occupations"
C2: Skilled manual occupations,ni1790004,ni179,Approximated Social Grade,Count,Person,Approximated Social Grade: C2: Skilled manual occupations
Semi-skilled and unskilled manual occupations; unemployed and lowest grade occupations,ni1790005,ni179,Approximated Social Grade,Count,Person,Approximated Social Grade: Semi-skilled and unskilled manual occupations; unemployed and lowest grade occupations
All PEOPLE,ni1800001,ni180,Place of Study (Method of Travel),Count,Person,Place of Study (Method of Travel): All PEOPLE
Mainly at or from home,ni1800002,ni180,Place of Study (Method of Travel),Count,Person,Place of Study (Method of Travel): Mainly at or from home
Driving a car or van,ni1800003,ni180,Place of Study (Method of Travel),Count,Person,Place of Study (Method of Travel): Driving a car or van
Passenger in a car or van,ni1800004,ni180,Place of Study (Method of Travel),Count,Person,Place of Study (Method of Travel): Passenger in a car or van
"Bus, minibus or coach (public or private)",ni1800005,ni180,Place of Study (Method of Travel),Count,Person,"Place of Study (Method of Travel): Bus, minibus or coach (public or private)"
Taxi,ni1800006,ni180,Place of Study (Method of Travel),Count,Person,Place of Study (Method of Travel): Taxi
Train,ni1800007,ni180,Place of Study (Method of Travel),Count,Person,Place of Study (Method of Travel): Train
Bicycle,ni1800008,ni180,Place of Study (Method of Travel),Count,Person,Place of Study (Method of Travel): Bicycle
On foot,ni1800009,ni180,Place of Study (Method of Travel),Count,Person,Place of Study (Method of Travel): On foot
Other method,ni1800010,ni180,Place of Study (Method of Travel),Count,Person,Place of Study (Method of Travel): Other method
All PEOPLE,ni1810001,ni181,Place of Study (Method of Travel) - 5 Categories,Count,Person,Place of Study (Method of Travel) - 5 Categories: All PEOPLE
Passenger in a car or van,ni1810002,ni181,Place of Study (Method of Travel) - 5 Categories,Count,Person,Place of Study (Method of Travel) - 5 Categories: Passenger in a car or van
"Bus, minibus or coach (public or private)",ni1810003,ni181,Place of Study (Method of Travel) - 5 Categories,Count,Person,"Place of Study (Method of Travel) - 5 Categories: Bus, minibus or coach (public or private)"
On foot,ni1810004,ni181,Place of Study (Method of Travel) - 5 Categories,Count,Person,Place of Study (Method of Travel) - 5 Categories: On foot
Other method and mainly at or from home,ni1810005,ni181,Place of Study (Method of Travel) - 5 Categories,Count,Person,Place of Study (Method of Travel) - 5 Categories: Other method and mainly at or from home
All PEOPLE,ni1820001,ni182,Place of Study (Method of Travel) - 7 Categories,Count,Person,Place of Study (Method of Travel) - 7 Categories: All PEOPLE
Mainly at or from home,ni1820002,ni182,Place of Study (Method of Travel) - 7 Categories,Count,Person,Place of Study (Method of Travel) - 7 Categories: Mainly at or from home
Driving a car or van,ni1820003,ni182,Place of Study (Method of Travel) - 7 Categories,Count,Person,Place of Study (Method of Travel) - 7 Categories: Driving a car or van
Passenger in a car or van,ni1820004,ni182,Place of Study (Method of Travel) - 7 Categories,Count,Person,Place of Study (Method of Travel) - 7 Categories: Passenger in a car or van
"Bus, minibus or coach (public or private)",ni1820005,ni182,Place of Study (Method of Travel) - 7 Categories,Count,Person,"Place of Study (Method of Travel) - 7 Categories: Bus, minibus or coach (public or private)"
On foot,ni1820006,ni182,Place of Study (Method of Travel) - 7 Categories,Count,Person,Place of Study (Method of Travel) - 7 Categories: On foot
Other method,ni1820007,ni182,Place of Study (Method of Travel) - 7 Categories,Count,Person,Place of Study (Method of Travel) - 7 Categories: Other method
All PEOPLE,ni1830001,ni183,Place of Work (Method of Travel) - 4 Categories,Count,Person,Place of Work (Method of Travel) - 4 Categories: All PEOPLE
Mainly at or from home,ni1830002,ni183,Place of Work (Method of Travel) - 4 Categories,Count,Person,Place of Work (Method of Travel) - 4 Categories: Mainly at or from home
Driving a car or van,ni1830003,ni183,Place of Work (Method of Travel) - 4 Categories,Count,Person,Place of Work (Method of Travel) - 4 Categories: Driving a car or van
Other method,ni1830004,ni183,Place of Work (Method of Travel) - 4 Categories,Count,Person,Place of Work (Method of Travel) - 4 Categories: Other method
All PEOPLE,ni1840001,ni184,Place of Work (Method of Travel) - 7 Categories,Count,Person,Place of Work (Method of Travel) - 7 Categories: All PEOPLE
Mainly at or from home,ni1840002,ni184,Place of Work (Method of Travel) - 7 Categories,Count,Person,Place of Work (Method of Travel) - 7 Categories: Mainly at or from home
Driving a car or van,ni1840003,ni184,Place of Work (Method of Travel) - 7 Categories,Count,Person,Place of Work (Method of Travel) - 7 Categories: Driving a car or van
Passenger in a car or van,ni1840004,ni184,Place of Work (Method of Travel) - 7 Categories,Count,Person,Place of Work (Method of Travel) - 7 Categories: Passenger in a car or van
"Bus, minibus or coach (public or private)",ni1840005,ni184,Place of Work (Method of Travel) - 7 Categories,Count,Person,"Place of Work (Method of Travel) - 7 Categories: Bus, minibus or coach (public or private)"
On foot,ni1840006,ni184,Place of Work (Method of Travel) - 7 Categories,Count,Person,Place of Work (Method of Travel) - 7 Categories: On foot
Other method,ni1840007,ni184,Place of Work (Method of Travel) - 7 Categories,Count,Person,Place of Work (Method of Travel) - 7 Categories: Other method
All PEOPLE,ni1850001,ni185,Place of Work (Method of Travel),Count,Person,Place of Work (Method of Travel): All PEOPLE
Mainly at or from home,ni1850002,ni185,Place of Work (Method of Travel),Count,Person,Place of Work (Method of Travel): Mainly at or from home
Driving a car or van,ni1850003,ni185,Place of Work (Method of Travel),Count,Person,Place of Work (Method of Travel): Driving a car or van
Passenger in a car or van,ni1850004,ni185,Place of Work (Method of Travel),Count,Person,Place of Work (Method of Travel): Passenger in a car or van
Car or van pool shared driving,ni1850005,ni185,Place of Work (Method of Travel),Count,Person,Place of Work (Method of Travel): Car or van pool shared driving
"Bus, minibus or coach (public or private)",ni1850006,ni185,Place of Work (Method of Travel),Count,Person,"Place of Work (Method of Travel): Bus, minibus or coach (public or private)"
Taxi,ni1850007,ni185,Place of Work (Method of Travel),Count,Person,Place of Work (Method of Travel): Taxi
Train,ni1850008,ni185,Place of Work (Method of Travel),Count,Person,Place of Work (Method of Travel): Train
"Motorcycle, scooter or moped",ni1850009,ni185,Place of Work (Method of Travel),Count,Person,"Place of Work (Method of Travel): Motorcycle, scooter or moped"
Bicycle,ni1850010,ni185,Place of Work (Method of Travel),Count,Person,Place of Work (Method of Travel): Bicycle
On foot,ni1850011,ni185,Place of Work (Method of Travel),Count,Person,Place of Work (Method of Travel): On foot
Other method,ni1850012,ni185,Place of Work (Method of Travel),Count,Person,Place of Work (Method of Travel): Other method
All PEOPLE,ni1870001,ni187,Ulster-Scots (Ability),Count,Person,Ulster-Scots (Ability): All PEOPLE
"Understands but does not read, write or speak Ulster-Scots",ni1870002,ni187,Ulster-Scots (Ability),Count,Person,"Ulster-Scots (Ability): Understands but does not read, write or speak Ulster-Scots"
Speaks but does not read or write Ulster-Scots,ni1870003,ni187,Ulster-Scots (Ability),Count,Person,Ulster-Scots (Ability): Speaks but does not read or write Ulster-Scots
Speaks and reads but does not write Ulster-Scots,ni1870004,ni187,Ulster-Scots (Ability),Count,Person,Ulster-Scots (Ability): Speaks and reads but does not write Ulster-Scots
"Speaks, reads, writes and understands Ulster-Scots",ni1870005,ni187,Ulster-Scots (Ability),Count,Person,"Ulster-Scots (Ability): Speaks, reads, writes and understands Ulster-Scots"
Other combination of skills,ni1870006,ni187,Ulster-Scots (Ability),Count,Person,Ulster-Scots (Ability): Other combination of skills
No ability in Ulster-Scots,ni1870007,ni187,Ulster-Scots (Ability),Count,Person,Ulster-Scots (Ability): No ability in Ulster-Scots
All PEOPLE,ni1880001,ni188,Ulster-Scots (Speak Frequency),Count,Person,Ulster-Scots (Speak Frequency): All PEOPLE
Can speak Ulster-Scots: Speaks Ulster-Scots daily,ni1880002,ni188,Ulster-Scots (Speak Frequency),Count,Person,Ulster-Scots (Speak Frequency): Can speak Ulster-Scots: Speaks Ulster-Scots daily
Can speak Ulster-Scots: Speaks Ulster-Scots weekly,ni1880003,ni188,Ulster-Scots (Speak Frequency),Count,Person,Ulster-Scots (Speak Frequency): Can speak Ulster-Scots: Speaks Ulster-Scots weekly
Can speak Ulster-Scots: Speaks Ulster-Scots less often than weekly,ni1880004,ni188,Ulster-Scots (Speak Frequency),Count,Person,Ulster-Scots (Speak Frequency): Can speak Ulster-Scots: Speaks Ulster-Scots less often than weekly
Can speak Ulster-Scots: Never speaks Ulster-Scots,ni1880005,ni188,Ulster-Scots (Speak Frequency),Count,Person,Ulster-Scots (Speak Frequency): Can speak Ulster-Scots: Never speaks Ulster-Scots
Cannot speak Ulster-Scots: Does not speak Ulster-Scots,ni1880006,ni188,Ulster-Scots (Speak Frequency),Count,Person,Ulster-Scots (Speak Frequency): Cannot speak Ulster-Scots: Does not speak Ulster-Scots
All PEOPLE,ni1890001,ni189,Employment History,Count,Person,Employment History: All PEOPLE
In employment,ni1890002,ni189,Employment History,Count,Person,Employment History: In employment
Short term unemployed: Worked in the last 12 months,ni1890003,ni189,Employment History,Count,Person,Employment History: Short term unemployed: Worked in the last 12 months
Long-term unemployed: Not worked in the last 12 months,ni1890004,ni189,Employment History,Count,Person,Employment History: Long-term unemployed: Not worked in the last 12 months
Never worked,ni1890005,ni189,Employment History,Count,Person,Employment History: Never worked
All PEOPLE,ni1900001,ni190,Employment History - 4 Categories,Count,Person,Employment History - 4 Categories: All PEOPLE
In employment,ni1900002,ni190,Employment History - 4 Categories,Count,Person,Employment History - 4 Categories: In employment
Unemployed,ni1900003,ni190,Employment History - 4 Categories,Count,Person,Employment History - 4 Categories: Unemployed
Never worked,ni1900004,ni190,Employment History - 4 Categories,Count,Person,Employment History - 4 Categories: Never worked
All PEOPLE,ni1920001,ni192,Residence Type,Count,Person,Residence Type: All PEOPLE
Person in a household,ni1920002,ni192,Residence Type,Count,Person,Residence Type: Person in a household
Person in a communal establishment,ni1920003,ni192,Residence Type,Count,Person,Residence Type: Person in a communal establishment
All PEOPLE,ni1930001,ni193,Sex,Count,Person,Sex: All PEOPLE
Female,ni1930002,ni193,Sex,Count,Person,Sex: Female
Male,ni1930003,ni193,Sex,Count,Person,Sex: Male
All PEOPLE,ni1940001,ni194,Year of Arrival in Northern Ireland,Count,Person,Year of Arrival in Northern Ireland: All PEOPLE
Born in Northern Ireland,ni1940002,ni194,Year of Arrival in Northern Ireland,Count,Person,Year of Arrival in Northern Ireland: Born in Northern Ireland
Arrived before 1951,ni1940003,ni194,Year of Arrival in Northern Ireland,Count,Person,Year of Arrival in Northern Ireland: Arrived before 1951
Arrived 1951-1960,ni1940004,ni194,Year of Arrival in Northern Ireland,Count,Person,Year of Arrival in Northern Ireland: Arrived 1951-1960
Arrived 1961-1970,ni1940005,ni194,Year of Arrival in Northern Ireland,Count,Person,Year of Arrival in Northern Ireland: Arrived 1961-1970
Arrived 1971-1980,ni1940006,ni194,Year of Arrival in Northern Ireland,Count,Person,Year of Arrival in Northern Ireland: Arrived 1971-1980
Arrived 1981-1990,ni1940007,ni194,Year of Arrival in Northern Ireland,Count,Person,Year of Arrival in Northern Ireland: Arrived 1981-1990
Arrived 1991-2000,ni1940008,ni194,Year of Arrival in Northern Ireland,Count,Person,Year of Arrival in Northern Ireland: Arrived 1991-2000
Arrived 2001-2010,ni1940009,ni194,Year of Arrival in Northern Ireland,Count,Person,Year of Arrival in Northern Ireland: Arrived 2001-2010
Arrived 2011-2013,ni1940010,ni194,Year of Arrival in Northern Ireland,Count,Person,Year of Arrival in Northern Ireland: Arrived 2011-2013
Arrived 2014-2016,ni1940011,ni194,Year of Arrival in Northern Ireland,Count,Person,Year of Arrival in Northern Ireland: Arrived 2014-2016
Arrived 2017-2019,ni1940012,ni194,Year of Arrival in Northern Ireland,Count,Person,Year of Arrival in Northern Ireland: Arrived 2017-2019
Arrived 2020-2021,ni1940013,ni194,Year of Arrival in Northern Ireland,Count,Person,Year of Arrival in Northern Ireland: Arrived 2020-2021
All PEOPLE,ni1950001,ni195,Year of Arrival in Northern Ireland - 10 Categories,Count,Person,Year of Arrival in Northern Ireland - 10 Categories: All PEOPLE
Born in Northern Ireland,ni1950002,ni195,Year of Arrival in Northern Ireland - 10 Categories,Count,Person,Year of Arrival in Northern Ireland - 10 Categories: Born in Northern Ireland
Arrived before 1971,ni1950003,ni195,Year of Arrival in Northern Ireland - 10 Categories,Count,Person,Year of Arrival in Northern Ireland - 10 Categories: Arrived before 1971
Arrived 1971-1980,ni1950004,ni195,Year of Arrival in Northern Ireland - 10 Categories,Count,Person,Year of Arrival in Northern Ireland - 10 Categories: Arrived 1971-1980
Arrived 1981-1990,ni1950005,ni195,Year of Arrival in Northern Ireland - 10 Categories,Count,Person,Year of Arrival in Northern Ireland - 10 Categories: Arrived 1981-1990
Arrived 1991-2000,ni1950006,ni195,Year of Arrival in Northern Ireland - 10 Categories,Count,Person,Year of Arrival in Northern Ireland - 10 Categories: Arrived 1991-2000
Arrived 2001-2010,ni1950007,ni195,Year of Arrival in Northern Ireland - 10 Categories,Count,Person,Year of Arrival in Northern Ireland - 10 Categories: Arrived 2001-2010
Arrived 2011-2013,ni1950008,ni195,Year of Arrival in Northern Ireland - 10 Categories,Count,Person,Year of Arrival in Northern Ireland - 10 Categories: Arrived 2011-2013
Arrived 2014-2016,ni1950009,ni195,Year of Arrival in Northern Ireland - 10 Categories,Count,Person,Year of Arrival in Northern Ireland - 10 Categories: Arrived 2014-2016
Arrived 2017-2019,ni1950010,ni195,Year of Arrival in Northern Ireland - 10 Categories,Count,Person,Year of Arrival in Northern Ireland - 10 Categories: Arrived 2017-2019
Arrived 2020-2021,ni1950011,ni195,Year of Arrival in Northern Ireland - 10 Categories,Count,Person,Year of Arrival in Northern Ireland - 10 Categories: Arrived 2020-2021
All PEOPLE,ni1960001,ni196,Year of Arrival in Northern Ireland - 4 Categories,Count,Person,Year of Arrival in Northern Ireland - 4 Categories: All PEOPLE
Born in Northern Ireland,ni1960002,ni196,Year of Arrival in Northern Ireland - 4 Categories,Count,Person,Year of Arrival in Northern Ireland - 4 Categories: Born in Northern Ireland
Arrived before 2001,ni1960003,ni196,Year of Arrival in Northern Ireland - 4 Categories,Count,Person,Year of Arrival in Northern Ireland - 4 Categories: Arrived before 2001
Arrived 2001-2010,ni1960004,ni196,Year of Arrival in Northern Ireland - 4 Categories,Count,Person,Year of Arrival in Northern Ireland - 4 Categories: Arrived 2001-2010
Arrived 2011-2021,ni1960005,ni196,Year of Arrival in Northern Ireland - 4 Categories,Count,Person,Year of Arrival in Northern Ireland - 4 Categories: Arrived 2011-2021
All PEOPLE,ni1970001,ni197,Year of Arrival in Northern Ireland - 5 Categories,Count,Person,Year of Arrival in Northern Ireland - 5 Categories: All PEOPLE
Born in Northern Ireland,ni1970002,ni197,Year of Arrival in Northern Ireland - 5 Categories,Count,Person,Year of Arrival in Northern Ireland - 5 Categories: Born in Northern Ireland
Arrived before 1991,ni1970003,ni197,Year of Arrival in Northern Ireland - 5 Categories,Count,Person,Year of Arrival in Northern Ireland - 5 Categories: Arrived before 1991
Arrived 1991-2000,ni1970004,ni197,Year of Arrival in Northern Ireland - 5 Categories,Count,Person,Year of Arrival in Northern Ireland - 5 Categories: Arrived 1991-2000
Arrived 2001-2010,ni1970005,ni197,Year of Arrival in Northern Ireland - 5 Categories,Count,Person,Year of Arrival in Northern Ireland - 5 Categories: Arrived 2001-2010
Arrived 2011-2021,ni1970006,ni197,Year of Arrival in Northern Ireland - 5 Categories,Count,Person,Year of Arrival in Northern Ireland - 5 Categories: Arrived 2011-2021
All HOUSEHOLD,ni1990001,ni199,Accommodation Type,Count,Household,Accommodation Type: All HOUSEHOLD
Whole house or bungalow: Detached,ni1990002,ni199,Accommodation Type,Count,Household,Accommodation Type: Whole house or bungalow: Detached
Whole house or bungalow: Semi-detached,ni1990003,ni199,Accommodation Type,Count,Household,Accommodation Type: Whole house or bungalow: Semi-detached
Whole house or bungalow: Terraced (including end-terrace),ni1990004,ni199,Accommodation Type,Count,Household,Accommodation Type: Whole house or bungalow: Terraced (including end-terrace)
"Flat, maisonette or apartment: Purpose-built block of flats",ni1990005,ni199,Accommodation Type,Count,Household,"Accommodation Type: Flat, maisonette or apartment: Purpose-built block of flats"
"Flat, maisonette or apartment: Part of a converted or shared house (including bed-sits)",ni1990006,ni199,Accommodation Type,Count,Household,"Accommodation Type: Flat, maisonette or apartment: Part of a converted or shared house (including bed-sits)"
"Flat, maisonette or apartment: In a commercial building (for example in an office building, hotel, or over a shop)",ni1990007,ni199,Accommodation Type,Count,Household,"Accommodation Type: Flat, maisonette or apartment: In a commercial building (for example in an office building, hotel, or over a shop)"
Caravan or other mobile or temporary structure,ni1990008,ni199,Accommodation Type,Count,Household,Accommodation Type: Caravan or other mobile or temporary structure
All HOUSEHOLD,ni2000001,ni200,Accommodation Type - 2 Categories,Count,Household,Accommodation Type - 2 Categories: All HOUSEHOLD
Whole house or bungalow,ni2000002,ni200,Accommodation Type - 2 Categories,Count,Household,Accommodation Type - 2 Categories: Whole house or bungalow
"Flat, maisonette or apartment, a caravan or other mobile or temporary structure",ni2000003,ni200,Accommodation Type - 2 Categories,Count,Household,"Accommodation Type - 2 Categories: Flat, maisonette or apartment, a caravan or other mobile or temporary structure"
All HOUSEHOLD,ni2010001,ni201,Accommodation Type - 4 Categories,Count,Household,Accommodation Type - 4 Categories: All HOUSEHOLD
Whole house or bungalow: Detached,ni2010002,ni201,Accommodation Type - 4 Categories,Count,Household,Accommodation Type - 4 Categories: Whole house or bungalow: Detached
Whole house or bungalow: Semi-detached,ni2010003,ni201,Accommodation Type - 4 Categories,Count,Household,Accommodation Type - 4 Categories: Whole house or bungalow: Semi-detached
Whole house or bungalow: Terraced (including end-terrace),ni2010004,ni201,Accommodation Type - 4 Categories,Count,Household,Accommodation Type - 4 Categories: Whole house or bungalow: Terraced (including end-terrace)
"Flat, maisonette or apartment, a caravan or other mobile or temporary structure",ni2010005,ni201,Accommodation Type - 4 Categories,Count,Household,"Accommodation Type - 4 Categories: Flat, maisonette or apartment, a caravan or other mobile or temporary structure"
All HOUSEHOLD,ni2060001,ni206,Adaptation to Accommodation (Wheelchair - External),Count,Household,Adaptation to Accommodation (Wheelchair - External): All HOUSEHOLD
Household is not adapted for external wheelchair access,ni2060002,ni206,Adaptation to Accommodation (Wheelchair - External),Count,Household,Adaptation to Accommodation (Wheelchair - External): Household is not adapted for external wheelchair access
Household is adapted for external wheelchair access,ni2060003,ni206,Adaptation to Accommodation (Wheelchair - External),Count,Household,Adaptation to Accommodation (Wheelchair - External): Household is adapted for external wheelchair access
All HOUSEHOLD,ni2070001,ni207,Adaptation to Accommodation (Hearing Difficulties),Count,Household,Adaptation to Accommodation (Hearing Difficulties): All HOUSEHOLD
Household is not adapted for hearing difficulties,ni2070002,ni207,Adaptation to Accommodation (Hearing Difficulties),Count,Household,Adaptation to Accommodation (Hearing Difficulties): Household is not adapted for hearing difficulties
Household is adapted for hearing difficulties,ni2070003,ni207,Adaptation to Accommodation (Hearing Difficulties),Count,Household,Adaptation to Accommodation (Hearing Difficulties): Household is adapted for hearing difficulties
All HOUSEHOLD,ni2080001,ni208,Adaptation to Accommodation - 2 Categories,Count,Household,Adaptation to Accommodation - 2 Categories: All HOUSEHOLD
Accommodation has not been designed or adapted,ni2080002,ni208,Adaptation to Accommodation - 2 Categories,Count,Household,Adaptation to Accommodation - 2 Categories: Accommodation has not been designed or adapted
Accommodation has been designed or adapted,ni2080003,ni208,Adaptation to Accommodation - 2 Categories,Count,Household,Adaptation to Accommodation - 2 Categories: Accommodation has been designed or adapted
All HOUSEHOLD,ni2090001,ni209,Adaptation to Accommodation (Wheelchair - Internal),Count,Household,Adaptation to Accommodation (Wheelchair - Internal): All HOUSEHOLD
Household is not adapted for internal wheelchair usage,ni2090002,ni209,Adaptation to Accommodation (Wheelchair - Internal),Count,Household,Adaptation to Accommodation (Wheelchair - Internal): Household is not adapted for internal wheelchair usage
Household is adapted for internal wheelchair usage,ni2090003,ni209,Adaptation to Accommodation (Wheelchair - Internal),Count,Household,Adaptation to Accommodation (Wheelchair - Internal): Household is adapted for internal wheelchair usage
All HOUSEHOLD,ni2100001,ni210,Adaptation to Accommodation,Count,Household,Adaptation to Accommodation: All HOUSEHOLD
Accommodation has not been designed or adapted,ni2100002,ni210,Adaptation to Accommodation,Count,Household,Adaptation to Accommodation: Accommodation has not been designed or adapted
One,ni2100003,ni210,Adaptation to Accommodation,Count,Household,Adaptation to Accommodation: One
Two,ni2100004,ni210,Adaptation to Accommodation,Count,Household,Adaptation to Accommodation: Two
Three,ni2100005,ni210,Adaptation to Accommodation,Count,Household,Adaptation to Accommodation: Three
Four or more,ni2100006,ni210,Adaptation to Accommodation,Count,Household,Adaptation to Accommodation: Four or more
All HOUSEHOLD,ni2110001,ni211,Adaptation to Accommodation (Other Reason),Count,Household,Adaptation to Accommodation (Other Reason): All HOUSEHOLD
Household is not adapted for other reasons,ni2110002,ni211,Adaptation to Accommodation (Other Reason),Count,Household,Adaptation to Accommodation (Other Reason): Household is not adapted for other reasons
Household is adapted for other reasons,ni2110003,ni211,Adaptation to Accommodation (Other Reason),Count,Household,Adaptation to Accommodation (Other Reason): Household is adapted for other reasons
All HOUSEHOLD,ni2120001,ni212,Adaptation to Accommodation (Other Physical or Mobility Difficulties),Count,Household,Adaptation to Accommodation (Other Physical or Mobility Difficulties): All HOUSEHOLD
Household is not adapted for other physical or mobility difficulties,ni2120002,ni212,Adaptation to Accommodation (Other Physical or Mobility Difficulties),Count,Household,Adaptation to Accommodation (Other Physical or Mobility Difficulties): Household is not adapted for other physical or mobility difficulties
Household is adapted for other physical or mobility difficulties,ni2120003,ni212,Adaptation to Accommodation (Other Physical or Mobility Difficulties),Count,Household,Adaptation to Accommodation (Other Physical or Mobility Difficulties): Household is adapted for other physical or mobility difficulties
All HOUSEHOLD,ni2130001,ni213,Adaptation to Accommodation (Visual Difficulties),Count,Household,Adaptation to Accommodation (Visual Difficulties): All HOUSEHOLD
Household is not adapted for visual difficulties,ni2130002,ni213,Adaptation to Accommodation (Visual Difficulties),Count,Household,Adaptation to Accommodation (Visual Difficulties): Household is not adapted for visual difficulties
Household is adapted for visual difficulties,ni2130003,ni213,Adaptation to Accommodation (Visual Difficulties),Count,Household,Adaptation to Accommodation (Visual Difficulties): Household is adapted for visual difficulties
All HOUSEHOLD,ni2150001,ni215,Adults and Children - 2 Categories,Count,Household,Adults and Children - 2 Categories: All HOUSEHOLD
1 adult in household,ni2150002,ni215,Adults and Children - 2 Categories,Count,Household,Adults and Children - 2 Categories: 1 adult in household
2 or more adults in household,ni2150003,ni215,Adults and Children - 2 Categories,Count,Household,Adults and Children - 2 Categories: 2 or more adults in household
All HOUSEHOLD,ni2160001,ni216,Adults and Children - 6 Categories,Count,Household,Adults and Children - 6 Categories: All HOUSEHOLD
One Person Household,ni2160002,ni216,Adults and Children - 6 Categories,Count,Household,Adults and Children - 6 Categories: One Person Household
One adult of any age and one or more children,ni2160003,ni216,Adults and Children - 6 Categories,Count,Household,Adults and Children - 6 Categories: One adult of any age and one or more children
Two adults of any age and no children,ni2160004,ni216,Adults and Children - 6 Categories,Count,Household,Adults and Children - 6 Categories: Two adults of any age and no children
Two adults of any age and one or more children,ni2160005,ni216,Adults and Children - 6 Categories,Count,Household,Adults and Children - 6 Categories: Two adults of any age and one or more children
Three or more adults of any age and no children,ni2160006,ni216,Adults and Children - 6 Categories,Count,Household,Adults and Children - 6 Categories: Three or more adults of any age and no children
Three or more adults of any age and one or more children,ni2160007,ni216,Adults and Children - 6 Categories,Count,Household,Adults and Children - 6 Categories: Three or more adults of any age and one or more children
All HOUSEHOLD,ni2170001,ni217,Adults in Employment (Household),Count,Household,Adults in Employment (Household): All HOUSEHOLD
No adults in employment in household,ni2170002,ni217,Adults in Employment (Household),Count,Household,Adults in Employment (Household): No adults in employment in household
1 adult in employment in household,ni2170003,ni217,Adults in Employment (Household),Count,Household,Adults in Employment (Household): 1 adult in employment in household
2 adults in employment in household,ni2170004,ni217,Adults in Employment (Household),Count,Household,Adults in Employment (Household): 2 adults in employment in household
3 or more adults in employment in household,ni2170005,ni217,Adults in Employment (Household),Count,Household,Adults in Employment (Household): 3 or more adults in employment in household
All HOUSEHOLD,ni2180001,ni218,Provision of Unpaid Care (Household) - 3 Categories,Count,Household,Provision of Unpaid Care (Household) - 3 Categories: All HOUSEHOLD
No unpaid carers in household,ni2180002,ni218,Provision of Unpaid Care (Household) - 3 Categories,Count,Household,Provision of Unpaid Care (Household) - 3 Categories: No unpaid carers in household
1 unpaid carer in household,ni2180003,ni218,Provision of Unpaid Care (Household) - 3 Categories,Count,Household,Provision of Unpaid Care (Household) - 3 Categories: 1 unpaid carer in household
2 or more unpaid carers in household,ni2180004,ni218,Provision of Unpaid Care (Household) - 3 Categories,Count,Household,Provision of Unpaid Care (Household) - 3 Categories: 2 or more unpaid carers in household
All HOUSEHOLD,ni2190001,ni219,Provision of Unpaid Care (Household),Count,Household,Provision of Unpaid Care (Household): All HOUSEHOLD
No unpaid carers in household,ni2190002,ni219,Provision of Unpaid Care (Household),Count,Household,Provision of Unpaid Care (Household): No unpaid carers in household
1 unpaid carer in household,ni2190003,ni219,Provision of Unpaid Care (Household),Count,Household,Provision of Unpaid Care (Household): 1 unpaid carer in household
2 unpaid carers in household,ni2190004,ni219,Provision of Unpaid Care (Household),Count,Household,Provision of Unpaid Care (Household): 2 unpaid carers in household
3 unpaid carers in household,ni2190005,ni219,Provision of Unpaid Care (Household),Count,Household,Provision of Unpaid Care (Household): 3 unpaid carers in household
4 or more unpaid carers in household,ni2190006,ni219,Provision of Unpaid Care (Household),Count,Household,Provision of Unpaid Care (Household): 4 or more unpaid carers in household
All HOUSEHOLD,ni2200001,ni220,Car or Van Availability - 2 Categories,Count,Household,Car or Van Availability - 2 Categories: All HOUSEHOLD
No cars or vans available,ni2200002,ni220,Car or Van Availability - 2 Categories,Count,Household,Car or Van Availability - 2 Categories: No cars or vans available
1 or more cars or vans available,ni2200003,ni220,Car or Van Availability - 2 Categories,Count,Household,Car or Van Availability - 2 Categories: 1 or more cars or vans available
All HOUSEHOLD,ni2210001,ni221,Car or Van Availability - 3 Categories,Count,Household,Car or Van Availability - 3 Categories: All HOUSEHOLD
No cars or vans available,ni2210002,ni221,Car or Van Availability - 3 Categories,Count,Household,Car or Van Availability - 3 Categories: No cars or vans available
1 car or van available,ni2210003,ni221,Car or Van Availability - 3 Categories,Count,Household,Car or Van Availability - 3 Categories: 1 car or van available
2 or more cars or vans available,ni2210004,ni221,Car or Van Availability - 3 Categories,Count,Household,Car or Van Availability - 3 Categories: 2 or more cars or vans available
All HOUSEHOLD,ni2220001,ni222,Car or Van Availability,Count,Household,Car or Van Availability: All HOUSEHOLD
No cars or vans available,ni2220002,ni222,Car or Van Availability,Count,Household,Car or Van Availability: No cars or vans available
1 car or van available,ni2220003,ni222,Car or Van Availability,Count,Household,Car or Van Availability: 1 car or van available
2 cars or vans available,ni2220004,ni222,Car or Van Availability,Count,Household,Car or Van Availability: 2 cars or vans available
3 cars or vans available,ni2220005,ni222,Car or Van Availability,Count,Household,Car or Van Availability: 3 cars or vans available
4 cars or vans available,ni2220006,ni222,Car or Van Availability,Count,Household,Car or Van Availability: 4 cars or vans available
5 or more cars or vans available,ni2220007,ni222,Car or Van Availability,Count,Household,Car or Van Availability: 5 or more cars or vans available
All HOUSEHOLD,ni2240001,ni224,Central Heating - 10 Categories,Count,Household,Central Heating - 10 Categories: All HOUSEHOLD
Oil only,ni2240002,ni224,Central Heating - 10 Categories,Count,Household,Central Heating - 10 Categories: Oil only
Mains gas only,ni2240003,ni224,Central Heating - 10 Categories,Count,Household,Central Heating - 10 Categories: Mains gas only
Electric (for example storage heaters) only,ni2240004,ni224,Central Heating - 10 Categories,Count,Household,Central Heating - 10 Categories: Electric (for example storage heaters) only
Tank or bottled gas only,ni2240005,ni224,Central Heating - 10 Categories,Count,Household,Central Heating - 10 Categories: Tank or bottled gas only
Solid fuel (for example coal) only,ni2240006,ni224,Central Heating - 10 Categories,Count,Household,Central Heating - 10 Categories: Solid fuel (for example coal) only
Renewable heating system only,ni2240007,ni224,Central Heating - 10 Categories,Count,Household,Central Heating - 10 Categories: Renewable heating system only
Wood (for example logs or waste wood) only,ni2240008,ni224,Central Heating - 10 Categories,Count,Household,Central Heating - 10 Categories: Wood (for example logs or waste wood) only
Other central heating only,ni2240009,ni224,Central Heating - 10 Categories,Count,Household,Central Heating - 10 Categories: Other central heating only
Two or more types of central heating,ni2240010,ni224,Central Heating - 10 Categories,Count,Household,Central Heating - 10 Categories: Two or more types of central heating
No central heating,ni2240011,ni224,Central Heating - 10 Categories,Count,Household,Central Heating - 10 Categories: No central heating
All HOUSEHOLD,ni2250001,ni225,Central Heating - 3 Categories,Count,Household,Central Heating - 3 Categories: All HOUSEHOLD
One type of central heating,ni2250002,ni225,Central Heating - 3 Categories,Count,Household,Central Heating - 3 Categories: One type of central heating
Two or more types of central heating,ni2250003,ni225,Central Heating - 3 Categories,Count,Household,Central Heating - 3 Categories: Two or more types of central heating
No central heating,ni2250004,ni225,Central Heating - 3 Categories,Count,Household,Central Heating - 3 Categories: No central heating
All HOUSEHOLD,ni2260001,ni226,Central Heating - 4 Categories,Count,Household,Central Heating - 4 Categories: All HOUSEHOLD
Oil only,ni2260002,ni226,Central Heating - 4 Categories,Count,Household,Central Heating - 4 Categories: Oil only
Mains gas only,ni2260003,ni226,Central Heating - 4 Categories,Count,Household,Central Heating - 4 Categories: Mains gas only
Other central heating,ni2260004,ni226,Central Heating - 4 Categories,Count,Household,Central Heating - 4 Categories: Other central heating
No central heating,ni2260005,ni226,Central Heating - 4 Categories,Count,Household,Central Heating - 4 Categories: No central heating
All HOUSEHOLD,ni2270001,ni227,Central Heating (Electric),Count,Household,Central Heating (Electric): All HOUSEHOLD
Household does not have electric central heating (for example storage heaters),ni2270002,ni227,Central Heating (Electric),Count,Household,Central Heating (Electric): Household does not have electric central heating (for example storage heaters)
Household has electric central heating (for example storage heaters),ni2270003,ni227,Central Heating (Electric),Count,Household,Central Heating (Electric): Household has electric central heating (for example storage heaters)
All HOUSEHOLD,ni2280001,ni228,Central Heating - 2 Categories,Count,Household,Central Heating - 2 Categories: All HOUSEHOLD
Household does not have central heating,ni2280002,ni228,Central Heating - 2 Categories,Count,Household,Central Heating - 2 Categories: Household does not have central heating
Household has central heating,ni2280003,ni228,Central Heating - 2 Categories,Count,Household,Central Heating - 2 Categories: Household has central heating
All HOUSEHOLD,ni2290001,ni229,Central Heating (Mains Gas),Count,Household,Central Heating (Mains Gas): All HOUSEHOLD
Household does not have mains gas central heating,ni2290002,ni229,Central Heating (Mains Gas),Count,Household,Central Heating (Mains Gas): Household does not have mains gas central heating
Household has mains gas central heating,ni2290003,ni229,Central Heating (Mains Gas),Count,Household,Central Heating (Mains Gas): Household has mains gas central heating
All HOUSEHOLD,ni2300001,ni230,Central Heating (Oil),Count,Household,Central Heating (Oil): All HOUSEHOLD
Household does not have oil central heating,ni2300002,ni230,Central Heating (Oil),Count,Household,Central Heating (Oil): Household does not have oil central heating
Household has oil central heating,ni2300003,ni230,Central Heating (Oil),Count,Household,Central Heating (Oil): Household has oil central heating
All HOUSEHOLD,ni2310001,ni231,Central Heating (Other),Count,Household,Central Heating (Other): All HOUSEHOLD
Household does not have other central heating,ni2310002,ni231,Central Heating (Other),Count,Household,Central Heating (Other): Household does not have other central heating
Household has other central heating,ni2310003,ni231,Central Heating (Other),Count,Household,Central Heating (Other): Household has other central heating
All HOUSEHOLD,ni2320001,ni232,Central Heating (Renewable Heating System),Count,Household,Central Heating (Renewable Heating System): All HOUSEHOLD
Household does not have renewable heating system,ni2320002,ni232,Central Heating (Renewable Heating System),Count,Household,Central Heating (Renewable Heating System): Household does not have renewable heating system
Household has renewable heating system,ni2320003,ni232,Central Heating (Renewable Heating System),Count,Household,Central Heating (Renewable Heating System): Household has renewable heating system
All HOUSEHOLD,ni2330001,ni233,Central Heating (Solid Fuel),Count,Household,Central Heating (Solid Fuel): All HOUSEHOLD
Household does not have solid fuel central heating (for example coal),ni2330002,ni233,Central Heating (Solid Fuel),Count,Household,Central Heating (Solid Fuel): Household does not have solid fuel central heating (for example coal)
Household has solid fuel central heating (for example coal),ni2330003,ni233,Central Heating (Solid Fuel),Count,Household,Central Heating (Solid Fuel): Household has solid fuel central heating (for example coal)
All HOUSEHOLD,ni2340001,ni234,Central Heating (Tank or Bottled Gas),Count,Household,Central Heating (Tank or Bottled Gas): All HOUSEHOLD
Household does not have tank or bottled gas central heating,ni2340002,ni234,Central Heating (Tank or Bottled Gas),Count,Household,Central Heating (Tank or Bottled Gas): Household does not have tank or bottled gas central heating
Household has tank or bottled gas central heating,ni2340003,ni234,Central Heating (Tank or Bottled Gas),Count,Household,Central Heating (Tank or Bottled Gas): Household has tank or bottled gas central heating
All HOUSEHOLD,ni2350001,ni235,Central Heating (Wood),Count,Household,Central Heating (Wood): All HOUSEHOLD
Household does not have wood central heating (for example logs or waste wood),ni2350002,ni235,Central Heating (Wood),Count,Household,Central Heating (Wood): Household does not have wood central heating (for example logs or waste wood)
Household has wood central heating (for example logs or waste wood),ni2350003,ni235,Central Heating (Wood),Count,Household,Central Heating (Wood): Household has wood central heating (for example logs or waste wood)
All HOUSEHOLD,ni2360001,ni236,Dependent Children (Household),Count,Household,Dependent Children (Household): All HOUSEHOLD
No children in household,ni2360002,ni236,Dependent Children (Household),Count,Household,Dependent Children (Household): No children in household
No dependent children in household/All children in household non-dependent,ni2360003,ni236,Dependent Children (Household),Count,Household,Dependent Children (Household): No dependent children in household/All children in household non-dependent
One dependent child aged 0-4,ni2360004,ni236,Dependent Children (Household),Count,Household,Dependent Children (Household): One dependent child aged 0-4
One dependent child aged 5-11,ni2360005,ni236,Dependent Children (Household),Count,Household,Dependent Children (Household): One dependent child aged 5-11
One dependent child aged 12-18,ni2360006,ni236,Dependent Children (Household),Count,Household,Dependent Children (Household): One dependent child aged 12-18
"Two dependent children, youngest aged 0-4",ni2360007,ni236,Dependent Children (Household),Count,Household,"Dependent Children (Household): Two dependent children, youngest aged 0-4"
"Two dependent children, youngest aged 5-11",ni2360008,ni236,Dependent Children (Household),Count,Household,"Dependent Children (Household): Two dependent children, youngest aged 5-11"
"Two dependent children, youngest aged 12-18",ni2360009,ni236,Dependent Children (Household),Count,Household,"Dependent Children (Household): Two dependent children, youngest aged 12-18"
"Three or more dependent children, youngest aged 0-4",ni2360010,ni236,Dependent Children (Household),Count,Household,"Dependent Children (Household): Three or more dependent children, youngest aged 0-4"
"Three or more dependent children, youngest aged 5-11",ni2360011,ni236,Dependent Children (Household),Count,Household,"Dependent Children (Household): Three or more dependent children, youngest aged 5-11"
"Three or more dependent children, youngest aged 12-18",ni2360012,ni236,Dependent Children (Household),Count,Household,"Dependent Children (Household): Three or more dependent children, youngest aged 12-18"
All HOUSEHOLD,ni2370001,ni237,Dependent Children (Household) - 5 Categories A,Count,Household,Dependent Children (Household) - 5 Categories A: All HOUSEHOLD
No children in household,ni2370002,ni237,Dependent Children (Household) - 5 Categories A,Count,Household,Dependent Children (Household) - 5 Categories A: No children in household
No dependent children in household/All children in household non-dependent,ni2370003,ni237,Dependent Children (Household) - 5 Categories A,Count,Household,Dependent Children (Household) - 5 Categories A: No dependent children in household/All children in household non-dependent
Youngest dependent child: Age 0 to 4,ni2370004,ni237,Dependent Children (Household) - 5 Categories A,Count,Household,Dependent Children (Household) - 5 Categories A: Youngest dependent child: Age 0 to 4
Youngest dependent child: Age 5 to 11,ni2370005,ni237,Dependent Children (Household) - 5 Categories A,Count,Household,Dependent Children (Household) - 5 Categories A: Youngest dependent child: Age 5 to 11
Youngest dependent child: Age 12 to 18,ni2370006,ni237,Dependent Children (Household) - 5 Categories A,Count,Household,Dependent Children (Household) - 5 Categories A: Youngest dependent child: Age 12 to 18
All HOUSEHOLD,ni2380001,ni238,Dependent Children (Household) - 5 Categories B,Count,Household,Dependent Children (Household) - 5 Categories B: All HOUSEHOLD
No children in household,ni2380002,ni238,Dependent Children (Household) - 5 Categories B,Count,Household,Dependent Children (Household) - 5 Categories B: No children in household
No dependent children in household/All children in household non-dependent,ni2380003,ni238,Dependent Children (Household) - 5 Categories B,Count,Household,Dependent Children (Household) - 5 Categories B: No dependent children in household/All children in household non-dependent
One dependent child,ni2380004,ni238,Dependent Children (Household) - 5 Categories B,Count,Household,Dependent Children (Household) - 5 Categories B: One dependent child
Two dependent children,ni2380005,ni238,Dependent Children (Household) - 5 Categories B,Count,Household,Dependent Children (Household) - 5 Categories B: Two dependent children
Three or more dependent children,ni2380006,ni238,Dependent Children (Household) - 5 Categories B,Count,Household,Dependent Children (Household) - 5 Categories B: Three or more dependent children
All HOUSEHOLD,ni2390001,ni239,Dependent Children (Household) - 2 Categories,Count,Household,Dependent Children (Household) - 2 Categories: All HOUSEHOLD
No dependent children in household,ni2390002,ni239,Dependent Children (Household) - 2 Categories,Count,Household,Dependent Children (Household) - 2 Categories: No dependent children in household
Household with dependent children,ni2390003,ni239,Dependent Children (Household) - 2 Categories,Count,Household,Dependent Children (Household) - 2 Categories: Household with dependent children
All HOUSEHOLD,ni2400001,ni240,Household Deprivation,Count,Household,Household Deprivation: All HOUSEHOLD
Household is not deprived in any dimension,ni2400002,ni240,Household Deprivation,Count,Household,Household Deprivation: Household is not deprived in any dimension
Household is deprived in 1 dimension,ni2400003,ni240,Household Deprivation,Count,Household,Household Deprivation: Household is deprived in 1 dimension
Household is deprived in 2 dimensions,ni2400004,ni240,Household Deprivation,Count,Household,Household Deprivation: Household is deprived in 2 dimensions
Household is deprived in 3 dimensions,ni2400005,ni240,Household Deprivation,Count,Household,Household Deprivation: Household is deprived in 3 dimensions
Household is deprived in 4 dimensions,ni2400006,ni240,Household Deprivation,Count,Household,Household Deprivation: Household is deprived in 4 dimensions
All HOUSEHOLD,ni2410001,ni241,Household Deprivation (Education),Count,Household,Household Deprivation (Education): All HOUSEHOLD
Household is not deprived in the education dimension,ni2410002,ni241,Household Deprivation (Education),Count,Household,Household Deprivation (Education): Household is not deprived in the education dimension
Household is deprived in the education dimension,ni2410003,ni241,Household Deprivation (Education),Count,Household,Household Deprivation (Education): Household is deprived in the education dimension
All HOUSEHOLD,ni2420001,ni242,Household Deprivation (Employment),Count,Household,Household Deprivation (Employment): All HOUSEHOLD
Household is not deprived in the employment dimension,ni2420002,ni242,Household Deprivation (Employment),Count,Household,Household Deprivation (Employment): Household is not deprived in the employment dimension
Household is deprived in the employment dimension,ni2420003,ni242,Household Deprivation (Employment),Count,Household,Household Deprivation (Employment): Household is deprived in the employment dimension
All HOUSEHOLD,ni2430001,ni243,Household Deprivation (Health),Count,Household,Household Deprivation (Health): All HOUSEHOLD
Household is not deprived in the health and disability dimension,ni2430002,ni243,Household Deprivation (Health),Count,Household,Household Deprivation (Health): Household is not deprived in the health and disability dimension
Household is deprived in the health and disability dimension,ni2430003,ni243,Household Deprivation (Health),Count,Household,Household Deprivation (Health): Household is deprived in the health and disability dimension
All HOUSEHOLD,ni2440001,ni244,Household Deprivation (Housing),Count,Household,Household Deprivation (Housing): All HOUSEHOLD
Household is not deprived in the housing dimension,ni2440002,ni244,Household Deprivation (Housing),Count,Household,Household Deprivation (Housing): Household is not deprived in the housing dimension
Household is deprived in the housing dimension,ni2440003,ni244,Household Deprivation (Housing),Count,Household,Household Deprivation (Housing): Household is deprived in the housing dimension
All HOUSEHOLD,ni2450001,ni245,Household Deprivation - 2 Categories,Count,Household,Household Deprivation - 2 Categories: All HOUSEHOLD
Household is not deprived in any dimension,ni2450002,ni245,Household Deprivation - 2 Categories,Count,Household,Household Deprivation - 2 Categories: Household is not deprived in any dimension
Household is deprived in 1 or more dimensions,ni2450003,ni245,Household Deprivation - 2 Categories,Count,Household,Household Deprivation - 2 Categories: Household is deprived in 1 or more dimensions
All HOUSEHOLD,ni2460001,ni246,People with Health Problem or Disability (Household),Count,Household,People with Health Problem or Disability (Household): All HOUSEHOLD
No people in household with a health problem or disability which limits their daily activities,ni2460002,ni246,People with Health Problem or Disability (Household),Count,Household,People with Health Problem or Disability (Household): No people in household with a health problem or disability which limits their daily activities
1 person in household with a health problem or disability which limits their daily activities,ni2460003,ni246,People with Health Problem or Disability (Household),Count,Household,People with Health Problem or Disability (Household): 1 person in household with a health problem or disability which limits their daily activities
2 or more people in household with a health problem or disability which limits their daily activities,ni2460004,ni246,People with Health Problem or Disability (Household),Count,Household,People with Health Problem or Disability (Household): 2 or more people in household with a health problem or disability which limits their daily activities
All HOUSEHOLD,ni2470001,ni247,Families (Count in Household),Count,Household,Families (Count in Household): All HOUSEHOLD
No families in household,ni2470002,ni247,Families (Count in Household),Count,Household,Families (Count in Household): No families in household
1 family in household,ni2470003,ni247,Families (Count in Household),Count,Household,Families (Count in Household): 1 family in household
2 or more families in household,ni2470004,ni247,Families (Count in Household),Count,Household,Families (Count in Household): 2 or more families in household
All HOUSEHOLD,ni2500001,ni250,Household Composition - 3 Categories,Count,Household,Household Composition - 3 Categories: All HOUSEHOLD
One person household,ni2500002,ni250,Household Composition - 3 Categories,Count,Household,Household Composition - 3 Categories: One person household
Single family household,ni2500003,ni250,Household Composition - 3 Categories,Count,Household,Household Composition - 3 Categories: Single family household
Other household types,ni2500004,ni250,Household Composition - 3 Categories,Count,Household,Household Composition - 3 Categories: Other household types
All HOUSEHOLD,ni2510001,ni251,Household Composition - 5 Categories,Count,Household,Household Composition - 5 Categories: All HOUSEHOLD
One person household,ni2510002,ni251,Household Composition - 5 Categories,Count,Household,Household Composition - 5 Categories: One person household
Single family household: Couple family household,ni2510003,ni251,Household Composition - 5 Categories,Count,Household,Household Composition - 5 Categories: Single family household: Couple family household
Single family household: Lone parent family,ni2510004,ni251,Household Composition - 5 Categories,Count,Household,Household Composition - 5 Categories: Single family household: Lone parent family
Single family household: Other family composition (including all aged 66 and over),ni2510005,ni251,Household Composition - 5 Categories,Count,Household,Household Composition - 5 Categories: Single family household: Other family composition (including all aged 66 and over)
Other household types,ni2510006,ni251,Household Composition - 5 Categories,Count,Household,Household Composition - 5 Categories: Other household types
All HOUSEHOLD,ni2520001,ni252,Household Composition - 9 Categories,Count,Household,Household Composition - 9 Categories: All HOUSEHOLD
One person household: Aged 66 and over,ni2520002,ni252,Household Composition - 9 Categories,Count,Household,Household Composition - 9 Categories: One person household: Aged 66 and over
One person household: Other,ni2520003,ni252,Household Composition - 9 Categories,Count,Household,Household Composition - 9 Categories: One person household: Other
Single family household: Couple family household: No children,ni2520004,ni252,Household Composition - 9 Categories,Count,Household,Household Composition - 9 Categories: Single family household: Couple family household: No children
Single family household: Couple family household: Dependent children,ni2520005,ni252,Household Composition - 9 Categories,Count,Household,Household Composition - 9 Categories: Single family household: Couple family household: Dependent children
Single family household: Couple family household: All children non-dependent,ni2520006,ni252,Household Composition - 9 Categories,Count,Household,Household Composition - 9 Categories: Single family household: Couple family household: All children non-dependent
Single family household: Lone parent family: With dependent children,ni2520007,ni252,Household Composition - 9 Categories,Count,Household,Household Composition - 9 Categories: Single family household: Lone parent family: With dependent children
Single family household: Lone parent family: All children non-dependent,ni2520008,ni252,Household Composition - 9 Categories,Count,Household,Household Composition - 9 Categories: Single family household: Lone parent family: All children non-dependent
Single family household: Other family composition (including all aged 66 and over),ni2520009,ni252,Household Composition - 9 Categories,Count,Household,Household Composition - 9 Categories: Single family household: Other family composition (including all aged 66 and over)
Other household types,ni2520010,ni252,Household Composition - 9 Categories,Count,Household,Household Composition - 9 Categories: Other household types
All HOUSEHOLD,ni2530001,ni253,Language (Household),Count,Household,Language (Household): All HOUSEHOLD
Households where: All people aged 16+ years have English as a main language,ni2530002,ni253,Language (Household),Count,Household,Language (Household): Households where: All people aged 16+ years have English as a main language
Households where: At least one but not all people aged 16+ years have English as a main language,ni2530003,ni253,Language (Household),Count,Household,Language (Household): Households where: At least one but not all people aged 16+ years have English as a main language
"Households where: No people aged 16+ years have English as a main language, but at least one person aged 3-15 years has English as a main language",ni2530004,ni253,Language (Household),Count,Household,"Language (Household): Households where: No people aged 16+ years have English as a main language, but at least one person aged 3-15 years has English as a main language"
Households where: No people have English as a main language,ni2530005,ni253,Language (Household),Count,Household,Language (Household): Households where: No people have English as a main language
All HOUSEHOLD,ni2540001,ni254,Language (Household) - 2 Categories,Count,Household,Language (Household) - 2 Categories: All HOUSEHOLD
Households where: At least one person has English as a main language,ni2540002,ni254,Language (Household) - 2 Categories,Count,Household,Language (Household) - 2 Categories: Households where: At least one person has English as a main language
Households where: No people have English as a main language,ni2540003,ni254,Language (Household) - 2 Categories,Count,Household,Language (Household) - 2 Categories: Households where: No people have English as a main language
All HOUSEHOLD,ni2550001,ni255,Lifestage (Household),Count,Household,Lifestage (Household): All HOUSEHOLD
Age of HRP 16-24 years: One person household,ni2550002,ni255,Lifestage (Household),Count,Household,Lifestage (Household): Age of HRP 16-24 years: One person household
Age of HRP 16-24 years: Two or more person household - no dependent child(ren),ni2550003,ni255,Lifestage (Household),Count,Household,Lifestage (Household): Age of HRP 16-24 years: Two or more person household - no dependent child(ren)
Age of HRP 16-24 years: Two or more person household - with dependent child(ren),ni2550004,ni255,Lifestage (Household),Count,Household,Lifestage (Household): Age of HRP 16-24 years: Two or more person household - with dependent child(ren)
Age of HRP 25-34 years: One person household,ni2550005,ni255,Lifestage (Household),Count,Household,Lifestage (Household): Age of HRP 25-34 years: One person household
Age of HRP 25-34 years: Two or more person household - no dependent child(ren),ni2550006,ni255,Lifestage (Household),Count,Household,Lifestage (Household): Age of HRP 25-34 years: Two or more person household - no dependent child(ren)
Age of HRP 25-34 years: Two or more person household - with dependent child(ren),ni2550007,ni255,Lifestage (Household),Count,Household,Lifestage (Household): Age of HRP 25-34 years: Two or more person household - with dependent child(ren)
Age of HRP 35-54 years: One person household,ni2550008,ni255,Lifestage (Household),Count,Household,Lifestage (Household): Age of HRP 35-54 years: One person household
Age of HRP 35-54 years: Two or more person household - no dependent child(ren),ni2550009,ni255,Lifestage (Household),Count,Household,Lifestage (Household): Age of HRP 35-54 years: Two or more person household - no dependent child(ren)
Age of HRP 35-54 years: Two or more person household - with dependent child(ren),ni2550010,ni255,Lifestage (Household),Count,Household,Lifestage (Household): Age of HRP 35-54 years: Two or more person household - with dependent child(ren)
Age of HRP 55-65 years: One person household,ni2550011,ni255,Lifestage (Household),Count,Household,Lifestage (Household): Age of HRP 55-65 years: One person household
Age of HRP 55-65 years: Two or more person household - no dependent child(ren),ni2550012,ni255,Lifestage (Household),Count,Household,Lifestage (Household): Age of HRP 55-65 years: Two or more person household - no dependent child(ren)
Age of HRP 55-65 years: Two or more person household - with dependent child(ren),ni2550013,ni255,Lifestage (Household),Count,Household,Lifestage (Household): Age of HRP 55-65 years: Two or more person household - with dependent child(ren)
Age of HRP 66+ years: One person household,ni2550014,ni255,Lifestage (Household),Count,Household,Lifestage (Household): Age of HRP 66+ years: One person household
Age of HRP 66+ years: Two or more person household - no dependent child(ren),ni2550015,ni255,Lifestage (Household),Count,Household,Lifestage (Household): Age of HRP 66+ years: Two or more person household - no dependent child(ren)
Age of HRP 66+ years: Two or more person household - with dependent child(ren),ni2550016,ni255,Lifestage (Household),Count,Household,Lifestage (Household): Age of HRP 66+ years: Two or more person household - with dependent child(ren)
All HOUSEHOLD,ni2560001,ni256,Lifestage (Household) - 9 Categories,Count,Household,Lifestage (Household) - 9 Categories: All HOUSEHOLD
Age of HRP 16-34 years: One person household,ni2560002,ni256,Lifestage (Household) - 9 Categories,Count,Household,Lifestage (Household) - 9 Categories: Age of HRP 16-34 years: One person household
Age of HRP 16-34 years: Two or more person household - no dependent child(ren),ni2560003,ni256,Lifestage (Household) - 9 Categories,Count,Household,Lifestage (Household) - 9 Categories: Age of HRP 16-34 years: Two or more person household - no dependent child(ren)
Age of HRP 16-34 years: Two or more person household - with dependent child(ren),ni2560004,ni256,Lifestage (Household) - 9 Categories,Count,Household,Lifestage (Household) - 9 Categories: Age of HRP 16-34 years: Two or more person household - with dependent child(ren)
Age of HRP 35-54 years: One person household,ni2560005,ni256,Lifestage (Household) - 9 Categories,Count,Household,Lifestage (Household) - 9 Categories: Age of HRP 35-54 years: One person household
Age of HRP 35-54 years: Two or more person household - no dependent child(ren),ni2560006,ni256,Lifestage (Household) - 9 Categories,Count,Household,Lifestage (Household) - 9 Categories: Age of HRP 35-54 years: Two or more person household - no dependent child(ren)
Age of HRP 35-54 years: Two or more person household - with dependent child(ren),ni2560007,ni256,Lifestage (Household) - 9 Categories,Count,Household,Lifestage (Household) - 9 Categories: Age of HRP 35-54 years: Two or more person household - with dependent child(ren)
Age of HRP 55+ years: One person household,ni2560008,ni256,Lifestage (Household) - 9 Categories,Count,Household,Lifestage (Household) - 9 Categories: Age of HRP 55+ years: One person household
Age of HRP 55+ years: Two or more person household - no dependent child(ren),ni2560009,ni256,Lifestage (Household) - 9 Categories,Count,Household,Lifestage (Household) - 9 Categories: Age of HRP 55+ years: Two or more person household - no dependent child(ren)
Age of HRP 55+ years: Two or more person household - with dependent child(ren),ni2560010,ni256,Lifestage (Household) - 9 Categories,Count,Household,Lifestage (Household) - 9 Categories: Age of HRP 55+ years: Two or more person household - with dependent child(ren)
All HOUSEHOLD,ni2570001,ni257,Ethnic Group (Household),Count,Household,Ethnic Group (Household): All HOUSEHOLD
One person household,ni2570002,ni257,Ethnic Group (Household),Count,Household,Ethnic Group (Household): One person household
More than one person in a household: All household members have the same ethnic group,ni2570003,ni257,Ethnic Group (Household),Count,Household,Ethnic Group (Household): More than one person in a household: All household members have the same ethnic group
More than one person in a household: Different ethnic groups between the generations only,ni2570004,ni257,Ethnic Group (Household),Count,Household,Ethnic Group (Household): More than one person in a household: Different ethnic groups between the generations only
More than one person in a household: Different ethnic groups within partnerships,ni2570005,ni257,Ethnic Group (Household),Count,Household,Ethnic Group (Household): More than one person in a household: Different ethnic groups within partnerships
More than one person in a household: Any other combination of multiple ethnic groups,ni2570006,ni257,Ethnic Group (Household),Count,Household,Ethnic Group (Household): More than one person in a household: Any other combination of multiple ethnic groups
All HOUSEHOLD,ni2580001,ni258,Ethnic Group (Household) - 3 Categories,Count,Household,Ethnic Group (Household) - 3 Categories: All HOUSEHOLD
One person household,ni2580002,ni258,Ethnic Group (Household) - 3 Categories,Count,Household,Ethnic Group (Household) - 3 Categories: One person household
More than one person in a household: All household members have the same ethnic group,ni2580003,ni258,Ethnic Group (Household) - 3 Categories,Count,Household,Ethnic Group (Household) - 3 Categories: More than one person in a household: All household members have the same ethnic group
More than one person in a household: Household members have different ethnic groups,ni2580004,ni258,Ethnic Group (Household) - 3 Categories,Count,Household,Ethnic Group (Household) - 3 Categories: More than one person in a household: Household members have different ethnic groups
All HOUSEHOLD,ni2590001,ni259,Rooms (Persons per Room),Count,Household,Rooms (Persons per Room): All HOUSEHOLD
Up to and including 0.5 persons per room,ni2590002,ni259,Rooms (Persons per Room),Count,Household,Rooms (Persons per Room): Up to and including 0.5 persons per room
Over 0.5 and up to and including 1.0 persons per room,ni2590003,ni259,Rooms (Persons per Room),Count,Household,Rooms (Persons per Room): Over 0.5 and up to and including 1.0 persons per room
Over 1.0 and up to and including 1.5 persons per room,ni2590004,ni259,Rooms (Persons per Room),Count,Household,Rooms (Persons per Room): Over 1.0 and up to and including 1.5 persons per room
Over 1.5 persons per room,ni2590005,ni259,Rooms (Persons per Room),Count,Household,Rooms (Persons per Room): Over 1.5 persons per room
All HOUSEHOLD,ni2610001,ni261,Religion or Religion Brought Up In (Household) - 3 Categories,Count,Household,Religion or Religion Brought Up In (Household) - 3 Categories: All HOUSEHOLD
One person household,ni2610002,ni261,Religion or Religion Brought Up In (Household) - 3 Categories,Count,Household,Religion or Religion Brought Up In (Household) - 3 Categories: One person household
More than one person in a household: Single religion or religion brought up in,ni2610003,ni261,Religion or Religion Brought Up In (Household) - 3 Categories,Count,Household,Religion or Religion Brought Up In (Household) - 3 Categories: More than one person in a household: Single religion or religion brought up in
More than one person in a household: Mixed religion or religion brought up in,ni2610004,ni261,Religion or Religion Brought Up In (Household) - 3 Categories,Count,Household,Religion or Religion Brought Up In (Household) - 3 Categories: More than one person in a household: Mixed religion or religion brought up in
All HOUSEHOLD,ni2620001,ni262,Renewable Energy Systems,Count,Household,Renewable Energy Systems: All HOUSEHOLD
Household does not have renewable energy systems,ni2620002,ni262,Renewable Energy Systems,Count,Household,Renewable Energy Systems: Household does not have renewable energy systems
Household has renewable energy systems,ni2620003,ni262,Renewable Energy Systems,Count,Household,Renewable Energy Systems: Household has renewable energy systems
All HOUSEHOLD,ni2630001,ni263,Household Size - 2 Categories,Count,Household,Household Size - 2 Categories: All HOUSEHOLD
Households: 1 person,ni2630002,ni263,Household Size - 2 Categories,Count,Household,Household Size - 2 Categories: Households: 1 person
Households: 2 or more people,ni2630003,ni263,Household Size - 2 Categories,Count,Household,Household Size - 2 Categories: Households: 2 or more people
All HOUSEHOLD,ni2640001,ni264,Household Size - 3 Categories,Count,Household,Household Size - 3 Categories: All HOUSEHOLD
Households: 1 person,ni2640002,ni264,Household Size - 3 Categories,Count,Household,Household Size - 3 Categories: Households: 1 person
Households: 2 people,ni2640003,ni264,Household Size - 3 Categories,Count,Household,Household Size - 3 Categories: Households: 2 people
Households: 3 or more people,ni2640004,ni264,Household Size - 3 Categories,Count,Household,Household Size - 3 Categories: Households: 3 or more people
All HOUSEHOLD,ni2650001,ni265,Household Size - 4 Categories,Count,Household,Household Size - 4 Categories: All HOUSEHOLD
Households: 1 person,ni2650002,ni265,Household Size - 4 Categories,Count,Household,Household Size - 4 Categories: Households: 1 person
Households: 2 people,ni2650003,ni265,Household Size - 4 Categories,Count,Household,Household Size - 4 Categories: Households: 2 people
Households: 3 people,ni2650004,ni265,Household Size - 4 Categories,Count,Household,Household Size - 4 Categories: Households: 3 people
Households: 4 or more people,ni2650005,ni265,Household Size - 4 Categories,Count,Household,Household Size - 4 Categories: Households: 4 or more people
All HOUSEHOLD,ni2660001,ni266,Household Size - 5 Categories,Count,Household,Household Size - 5 Categories: All HOUSEHOLD
Households: 1 person,ni2660002,ni266,Household Size - 5 Categories,Count,Household,Household Size - 5 Categories: Households: 1 person
Households: 2 people,ni2660003,ni266,Household Size - 5 Categories,Count,Household,Household Size - 5 Categories: Households: 2 people
Households: 3 people,ni2660004,ni266,Household Size - 5 Categories,Count,Household,Household Size - 5 Categories: Households: 3 people
Households: 4 people,ni2660005,ni266,Household Size - 5 Categories,Count,Household,Household Size - 5 Categories: Households: 4 people
Households: 5 or more people,ni2660006,ni266,Household Size - 5 Categories,Count,Household,Household Size - 5 Categories: Households: 5 or more people
All HOUSEHOLD,ni2670001,ni267,Household Size,Count,Household,Household Size: All HOUSEHOLD
Households: 1 person,ni2670002,ni267,Household Size,Count,Household,Household Size: Households: 1 person
Households: 2 people,ni2670003,ni267,Household Size,Count,Household,Household Size: Households: 2 people
Households: 3 people,ni2670004,ni267,Household Size,Count,Household,Household Size: Households: 3 people
Households: 4 people,ni2670005,ni267,Household Size,Count,Household,Household Size: Households: 4 people
Households: 5 people,ni2670006,ni267,Household Size,Count,Household,Household Size: Households: 5 people
Households: 6 or more people,ni2670007,ni267,Household Size,Count,Household,Household Size: Households: 6 or more people
All HOUSEHOLD,ni2690001,ni269,Tenure - 4 Categories,Count,Household,Tenure - 4 Categories: All HOUSEHOLD
Owner occupied,ni2690002,ni269,Tenure - 4 Categories,Count,Household,Tenure - 4 Categories: Owner occupied
Social rented,ni2690003,ni269,Tenure - 4 Categories,Count,Household,Tenure - 4 Categories: Social rented
Private rented,ni2690004,ni269,Tenure - 4 Categories,Count,Household,Tenure - 4 Categories: Private rented
Lives rent free,ni2690005,ni269,Tenure - 4 Categories,Count,Household,Tenure - 4 Categories: Lives rent free
All HOUSEHOLD,ni2700001,ni270,Tenure - 7 Categories,Count,Household,Tenure - 7 Categories: All HOUSEHOLD
Owner occupied: Owns outright,ni2700002,ni270,Tenure - 7 Categories,Count,Household,Tenure - 7 Categories: Owner occupied: Owns outright
Owner occupied: Owns with a mortgage or loan or shared ownership,ni2700003,ni270,Tenure - 7 Categories,Count,Household,Tenure - 7 Categories: Owner occupied: Owns with a mortgage or loan or shared ownership
Social rented: Northern Ireland Housing Executive,ni2700004,ni270,Tenure - 7 Categories,Count,Household,Tenure - 7 Categories: Social rented: Northern Ireland Housing Executive
Social rented: Housing association or charitable trust,ni2700005,ni270,Tenure - 7 Categories,Count,Household,Tenure - 7 Categories: Social rented: Housing association or charitable trust
Private rented: Private landlord or letting agency,ni2700006,ni270,Tenure - 7 Categories,Count,Household,Tenure - 7 Categories: Private rented: Private landlord or letting agency
Private rented: Other private rented,ni2700007,ni270,Tenure - 7 Categories,Count,Household,Tenure - 7 Categories: Private rented: Other private rented
Lives rent free,ni2700008,ni270,Tenure - 7 Categories,Count,Household,Tenure - 7 Categories: Lives rent free
All HOUSEHOLD,ni2740001,ni274,Rooms (Number) - 4 Categories,Count,Household,Rooms (Number) - 4 Categories: All HOUSEHOLD
3 rooms or less,ni2740002,ni274,Rooms (Number) - 4 Categories,Count,Household,Rooms (Number) - 4 Categories: 3 rooms or less
4 rooms,ni2740003,ni274,Rooms (Number) - 4 Categories,Count,Household,Rooms (Number) - 4 Categories: 4 rooms
5 rooms,ni2740004,ni274,Rooms (Number) - 4 Categories,Count,Household,Rooms (Number) - 4 Categories: 5 rooms
6+ rooms,ni2740005,ni274,Rooms (Number) - 4 Categories,Count,Household,Rooms (Number) - 4 Categories: 6+ rooms
All HOUSEHOLD,ni2750001,ni275,Rooms (Number) - 5 Categories,Count,Household,Rooms (Number) - 5 Categories: All HOUSEHOLD
3 rooms or less,ni2750002,ni275,Rooms (Number) - 5 Categories,Count,Household,Rooms (Number) - 5 Categories: 3 rooms or less
4 rooms,ni2750003,ni275,Rooms (Number) - 5 Categories,Count,Household,Rooms (Number) - 5 Categories: 4 rooms
5 rooms,ni2750004,ni275,Rooms (Number) - 5 Categories,Count,Household,Rooms (Number) - 5 Categories: 5 rooms
6 rooms,ni2750005,ni275,Rooms (Number) - 5 Categories,Count,Household,Rooms (Number) - 5 Categories: 6 rooms
7+ rooms,ni2750006,ni275,Rooms (Number) - 5 Categories,Count,Household,Rooms (Number) - 5 Categories: 7+ rooms
All HOUSEHOLD,ni2760001,ni276,Rooms (Number) - 6 Categories,Count,Household,Rooms (Number) - 6 Categories: All HOUSEHOLD
3 rooms or less,ni2760002,ni276,Rooms (Number) - 6 Categories,Count,Household,Rooms (Number) - 6 Categories: 3 rooms or less
4 rooms,ni2760003,ni276,Rooms (Number) - 6 Categories,Count,Household,Rooms (Number) - 6 Categories: 4 rooms
5 rooms,ni2760004,ni276,Rooms (Number) - 6 Categories,Count,Household,Rooms (Number) - 6 Categories: 5 rooms
6 rooms,ni2760005,ni276,Rooms (Number) - 6 Categories,Count,Household,Rooms (Number) - 6 Categories: 6 rooms
7 rooms,ni2760006,ni276,Rooms (Number) - 6 Categories,Count,Household,Rooms (Number) - 6 Categories: 7 rooms
8+ rooms,ni2760007,ni276,Rooms (Number) - 6 Categories,Count,Household,Rooms (Number) - 6 Categories: 8+ rooms
All HOUSEHOLD,ni2770001,ni277,Rooms (Occupancy Rating) - 2 Categories,Count,Household,Rooms (Occupancy Rating) - 2 Categories: All HOUSEHOLD
Occupancy rating (rooms) of 0 or more,ni2770002,ni277,Rooms (Occupancy Rating) - 2 Categories,Count,Household,Rooms (Occupancy Rating) - 2 Categories: Occupancy rating (rooms) of 0 or more
Occupancy rating (rooms) of -1 or less,ni2770003,ni277,Rooms (Occupancy Rating) - 2 Categories,Count,Household,Rooms (Occupancy Rating) - 2 Categories: Occupancy rating (rooms) of -1 or less
All HOUSEHOLD,ni2780001,ni278,Rooms (Occupancy Rating) - 4 Categories,Count,Household,Rooms (Occupancy Rating) - 4 Categories: All HOUSEHOLD
Occupancy rating - Rooms: +2 or more,ni2780002,ni278,Rooms (Occupancy Rating) - 4 Categories,Count,Household,Rooms (Occupancy Rating) - 4 Categories: Occupancy rating - Rooms: +2 or more
Occupancy rating - Rooms: +1,ni2780003,ni278,Rooms (Occupancy Rating) - 4 Categories,Count,Household,Rooms (Occupancy Rating) - 4 Categories: Occupancy rating - Rooms: +1
Occupancy rating - Rooms: 0,ni2780004,ni278,Rooms (Occupancy Rating) - 4 Categories,Count,Household,Rooms (Occupancy Rating) - 4 Categories: Occupancy rating - Rooms: 0
Occupancy rating - Rooms: -1 or less,ni2780005,ni278,Rooms (Occupancy Rating) - 4 Categories,Count,Household,Rooms (Occupancy Rating) - 4 Categories: Occupancy rating - Rooms: -1 or less
All HOUSEHOLD,ni2790001,ni279,Rooms (Occupancy Rating),Count,Household,Rooms (Occupancy Rating): All HOUSEHOLD
Occupancy rating - Rooms: +2 or more,ni2790002,ni279,Rooms (Occupancy Rating),Count,Household,Rooms (Occupancy Rating): Occupancy rating - Rooms: +2 or more
Occupancy rating - Rooms: +1,ni2790003,ni279,Rooms (Occupancy Rating),Count,Household,Rooms (Occupancy Rating): Occupancy rating - Rooms: +1
Occupancy rating - Rooms: 0,ni2790004,ni279,Rooms (Occupancy Rating),Count,Household,Rooms (Occupancy Rating): Occupancy rating - Rooms: 0
Occupancy rating - Rooms: -1,ni2790005,ni279,Rooms (Occupancy Rating),Count,Household,Rooms (Occupancy Rating): Occupancy rating - Rooms: -1
Occupancy rating - Rooms: -2 or less,ni2790006,ni279,Rooms (Occupancy Rating),Count,Household,Rooms (Occupancy Rating): Occupancy rating - Rooms: -2 or less
